,Hashtag,Count
0,American Sniper,16793
1,Movie,1394
2,Review,1372
3,Chris Kyle,1144
4,Oscars,1124
5,Bradley Cooper,823
6,Oscar Noms,759
7,Honor Chris Kyle,659
8,Clint Eastwood,365
9,P J N E T,319
10,Oscar,238
11,U S A,182
12,R I P Chris Kyle,181
13,Birdman,174
14,Selma,151
15,The Imitation Game,148
16,The Legend,136
17,Merica,127
18,Boyhood,123
19,Whiplash,120
20,Eddie Ray Routh,100
21,Americansniper,90
22,Chapel Hill Shooting,84
23,Michael Moore,83
24,Hollywood,83
25,Golden Globes,81
26,Red Nation Rising,78
27,A M E R I C A N S N I P E R,71
28,America,70
29,Chris Kyle Day,70
30,Hero,65
31,Foxcatcher,64
32,American Hero,63
33,Best Picture,60
34,Imitation Game,58
35,The Grand Budapest Hotel,56
36,Hannity,56
37,The Theoryof Everything,55
38,Iraq,55
39,American,54
40,Chris Kyle American Hero,54
41,Military Monday,50
42,Movies,50
43,Legend,49
44,Unbroken,48
45,Sienna Miller,47
46,Never Forget,47
47,News,46
48,Academy Awards,45
49,Box Office,45
50,F R U S H,44
51,S O H H,44
52,Kelly File,44
53,Gone Girl,42
54,R I P,41
55,N W,41
56,Now Watching,40
57,Interstellar,40
58,Grand Budapest Hotel,39
59,Eastwood,38
60,Oscar Nominations,38
61,Selma Movie,35
62,Military,35
63,Navy S E A L,34
64,Taya Kyle,33
65,Boycott Sorority Sisters,33
66,Veterans,33
67,T C O T,32
68,Inherent Vice,31
69,Respect,31
70,S O T U,31
71,D G A,30
72,I S I S,28
73,Film,28
74,Nw,27
75,Theoryof Everything,27
76,S Y R I A,27
77,Charlie Hebdo,27
78,Sniper,27
79,I M Db,26
80,Sweepstakes,26
81,Oscars Noms,26
82,Support Our Troops,25
83,Je Suis Charlie,25
84,Access,25
85,S O T,25
86,God Bless America,25
87,Must See,25
88,Entertainment,25
89,Navy,25
90,Sorority Sisters,25
91,Most Lethal Sniper,24
92,Wedding Ringer,23
93,M L K,23
94,All Lives Matter,23
95,B R E A K I N G,23
96,Navy Seal,23
97,L A,23
98,Oscarnoms,22
99,Unite Blue,22
100,Luiis,22
101,Texas,22
102,God Bless Chris Kyle,22
103,P T S D,21
104,Unbroken Movie,21
105,Beards,21
106,Si Accettano Miracoli,21
107,Coming Soon,20
108,Chad Littlefield,19
109,Birdman Movie,19
110,Best Actor,19
111,Salute,19
112,Golden G Iobes,19
113,Writers Guild Awards,19
114,No Sticks No Seeds No Tax,19
115,S E A L,19
116,Obama,19
117,Football,18
118,The Lead,18
119,Theater,18
120,Fox News,18
121,Paddington,18
122,Whiplash Movie,17
123,Fury,17
124,Clint,17
125,Seth Rogan,16
126,The Brand,16
127,Hooyah,16
128,Fake Baby,16
129,Lone Survivor,16
130,Nightcrawler,16
131,E P,16
132,D G A Awards,15
133,H O U,15
134,Big Eyes,15
135,H C Hookup,15
136,S E A Ls,15
137,Into The Woods,15
138,Molon Labe,15
139,S A G Awards,14
140,U S,14
141,Mejor Pel,14
142,Must Watch,14
143,The Gambler,14
144,Sky Cinema Oscar,14
145,I M A X,14
146,Assad Crimes,14
147,True Hero,14
148,American Sniper I T,14
149,Human Rights,13
150,Wild,13
151,U S M C,13
152,G O P,13
153,The Oscars,13
154,M L K Day,13
155,Heroes,13
156,Still Alice,12
157,Paris March,12
158,Muslims,12
159,Seth Rogen,12
160,Aaron Hernandez,12
161,Blackhat,12
162,Thank You,12
163,I,12
164,Unite Right,11
165,S O V,11
166,Patriot,11
167,Navy Seals,11
168,N E W S,11
169,Navy S E A Ls,11
170,T E A Party,11
171,Amazing,11
172,N R A,11
173,A S S A D,11
174,Sponge Bob Movie,11
175,Islam,10
176,Big Hero,10
177,Great Movie,10
178,U S N,10
179,Islamophobia,10
180,Murica,10
181,M M,10
182,War On Women,10
183,Patriots,10
184,Muslim Lives Matter,10
185,Clueless Oscars,10
186,Five Words To Ruin A Date,9
187,The Five,9
188,M U R I C A,9
189,Lib Crib,9
190,L L T B,9
191,The Interview,9
192,The Hobbit,9
193,The Boy Next Door,9
194,Stop Rush,9
195,El Francotirador,9
196,Oscars En T N T,9
197,Marines,9
198,U C W Radio,9
199,Chris Kyle Style,9
200,Cinema,9
201,Warrior Wednesday,9
202,Breaking News,9
203,Top Books,9
204,I A V A,9
205,The Theory Of Everything,9
206,R T,9
207,Kevin Lacz,9
208,God Bless Our Troops,9
209,Top,9
210,Sister Patriots,9
211,C C O T,9
212,Celebrities,9
213,U S Military,9
214,Liberal War Movies,8
215,Oscarnominations,8
216,U N,8
217,Chape Hill Shooting,8
218,Dolby Atmos,8
219,Tea Party,8
220,God Bless,8
221,Best Film,8
222,Jesse Ventura,8
223,Movie Time,8
224,Foxcatcher Movie,8
225,Red Carpet,8
226,Movie Twit,8
227,Assad,8
228,Freedom,8
229,A Most Violent Year,8
230,N F L,7
231,Guardians Of The Galaxy,7
232,C N N,7
233,N O L A,7
234,Video,7
235,Citizenfour,7
236,D A Lvs G B,7
237,Hooah,7
238,Clint East Wood,7
239,Hot,7
240,Wiz Khalifa,7
241,Luke Grimes,7
242,Kyle,7
243,Alone,7
244,Gameof Thrones,7
245,L N Y H B T,7
246,Chapel Hill,7
247,Axeliito,7
248,Friday,7
249,Tweet Like A Local,7
250,Jodi Arias,7
251,Cant Wait,7
252,Chris,7
253,Clash Daily,7
254,Boyhood Movie,7
255,Show Time Legends,7
256,Super Bowl,7
257,Baghdad,7
258,World,7
259,Movie Night,6
260,Ben Reed,6
261,Chomsky,6
262,Movie Fan,6
263,C H R I S K Y L E,6
264,Cake,6
265,Martes De Trivia,6
266,A M E R I C A N,6
267,Oscar Nom,6
268,G O A T,6
269,N Y P D,6
270,Semper Fi,6
271,Golden Globe,6
272,United We Stand,6
273,Good Movie,6
274,Jews And Arabs Refuse To Be Enemies,6
275,S J,6
276,Great Film,6
277,Jason Hall,6
278,Washington D C,6
279,Israel,6
280,Routh,6
281,Rip Chris Kyle,6
282,Pro Life,6
283,Propaganda,6
284,R,6
285,American Psycho,6
286,Texan,6
287,Warner Bros,6
288,Francotirador,6
289,War,6
290,Tcot,6
291,Wake Up America,6
292,Deflate Gate,6
293,T G D N,6
294,Dallas,6
295,American Horror Story,6
296,Oscars G M A,6
297,Date Night,6
298,Stoked,6
299,Spoiler Alert,6
300,Open Follow,6
301,Oscars Red Carpet,6
302,Fifty Shades Of Grey,6
303,U K,6
304,Twitter,5
305,U C I Cinemas,5
306,Books,5
307,U S S Liberty,5
308,U S Navy,5
309,Boxoffice,5
310,R N C,5
311,Trailer,5
312,S A M M C,5
313,L A T E S T,5
314,Paris,5
315,Golden Globe Awards,5
316,Jupiter Ascending,5
317,S E A L Team,5
318,Je Suis American Sniper,5
319,H E R O,5
320,C H I,5
321,Hangover,5
322,Honor,5
323,R E T W E E T,5
324,Recensione,5
325,I B Deditorials,5
326,I C Y M I,5
327,Foxnews,5
328,L E G E N D,5
329,P E O P L E,5
330,Ferguson,5
331,Eddie Redmayne,5
332,Devilof Ramadi,5
333,Oscar Buzz,5
334,Dauber,5
335,D C,5
336,The Devil Of Ramadi,5
337,Michael Moore Movies,5
338,Michelle Obama,5
339,Chicago,5
340,Netflix,5
341,Cashin In,5
342,C T,5
343,C N Rapp,5
344,Bieber Best Fans,5
345,N F L Playoffs,5
346,Arc Light Stories,5
347,Afghanistan,5
348,Army,5
349,Badass,5
350,We The People,5
351,B B N,5
352,W A A R,5
353,American Sniper Movie,5
354,Vets,5
355,American Idol,5
356,Wild Movie,5
357,Amazing Movie,5
358,Fandango,4
359,Chris Kyle Frog Foundation,4
360,Bad Ass,4
361,Cory Hardrict,4
362,Chris Kyle Frog,4
363,American Badass,4
364,L Anow,4
365,Perdida,4
366,The,4
367,Punishers,4
368,Sons Of Liberty,4
369,John Wick,4
370,Siani,4
371,Showbiz,4
372,Theory Of Everything,4
373,Thank You Chris Kyle,4
374,O W S,4
375,Academy Award,4
376,Americans,4
377,Bergdahl,4
378,B D S,4
379,Chi,4
380,Hands Down,4
381,Youre Welcome,4
382,Testament Of Youth,4
383,La Cosa Oscar,4
384,Cooper,4
385,Punisher,4
386,Gulf Breeze,4
387,Gran Torino,4
388,Freedom Isnt Free,4
389,True Story,4
390,Iran,4
391,The Judge,4
392,The Irfanism,4
393,Grand Budapest,4
394,Mortdecai,4
395,Fifty Shades,4
396,S M H,4
397,Sniper Trial,4
398,Parigi,4
399,Asia,4
400,Gran Estreno,4
401,A M E R I C A,4
402,Brilliant,4
403,Movie Of The Year,4
404,Iraq War,4
405,Brian Williams,4
406,Proud To Be An American,4
407,Movie Review,4
408,S E L M A,4
409,Amy Poehler Paul Rudd,4
410,Kindle,4
411,Kingsman,4
412,Films,4
413,C A I R,4
414,Aambala,4
415,People,4
416,Ask Twitter,4
417,Conservatives,4
418,La Teoria Del Tutto,4
419,American H E R O,4
420,White Genocide,4
421,Charlie,4
422,Syria,4
423,One Shot One Kill,4
424,Emotional,4
425,B A F T A,4
426,Michael Moore Is A Coward,4
427,Generation Kill,4
428,Support The Troops,4
429,Black Hat Movie,4
430,Devil Of Ramadi,4
431,Liberal,4
432,N A S C A R,4
433,Edward Snowden,4
434,Surya,4
435,Surya Ray,4
436,Re Write A Film In,4
437,Jan,4
438,N Y C,4
439,Liberal Logic,4
440,Directors Guild,4
441,Hoorah,4
442,Bill Maher,4
443,Award Season,4
444,Recommended,4
445,Politics,4
446,Awards Buzz,4
447,Awesome,4
448,E E U U,4
449,See It,4
450,Howard Dean,4
451,Drama Alert,4
452,London,4
453,Super Bowl X L I X,4
454,Oscars So White,4
455,U S Army,4
456,American Sniper Trial,4
457,Tiger,4
458,Dallas News,4
459,Excited,4
460,Save The Rest,4
461,Darling,4
462,Team Follow Back,4
463,Rip,4
464,God Bless Our Military,4
465,F A C T,4
466,M E R I C A,4
467,News Updates,4
468,Plano,4
469,Jake Gyllenhaal,4
470,Powerful Film,4
471,I S,4
472,M B C,4
473,V H,4
474,Free Palestine,3
475,Chemical Weapons Convention,3
476,Arabs,3
477,Cine Masai,3
478,Charlie Hunnam,3
479,Micheal Moore,3
480,Pongal,3
481,Always Remember,3
482,Mercia,3
483,Michael Moore Is More Worthless Than,3
484,The L E G O Movie,3
485,The Water Diviner,3
486,Jeep Mafia,3
487,Skip It,3
488,Bang Bang,3
489,Sheepdogs,3
490,Arclight Cinemas,3
491,Justice,3
492,Jesus,3
493,Michael Keaton,3
494,Nominaciones Oscar,3
495,Backs To Obama,3
496,Chris Kyle Observance Day,3
497,Media,3
498,Merica Monday,3
499,Gaza,3
500,The Man App,3
501,The Immitation Game,3
502,The Reaper,3
503,Nominations,3
504,Epic,3
505,Sponge Bob,3
506,D C Premiere,3
507,F R E E D O M,3
508,Starbucks,3
509,M O V I E S,3
510,F F,3
511,F B,3
512,D M V,3
513,Teaparty,3
514,Daesh,3
515,State Of The Union,3
516,Outnumbered,3
517,Auschwitz,3
518,Ouija,3
519,M C M,3
520,Patriotism,3
521,Lego Movie,3
522,B A M F,3
523,Enough Said,3
524,War Hero,3
525,Decisions Decisions,3
526,Luis Pokel,3
527,Airforce,3
528,Eddie Routh,3
529,Liberals,3
530,T B T,3
531,Los Angeles,3
532,T T,3
533,Dont Judge Me,3
534,Oscar Predictions,3
535,F U R Y Movie,3
536,Texas Forever,3
537,Obama Fail Yet Again,3
538,Critics Choice,3
539,Smart News,3
540,Marion Cotillard,3
541,W O W,3
542,Kid Rock,3
543,Marine,3
544,Snowden,3
545,The Good Lie,3
546,Kill The Messenger,3
547,B R A D L E Y C O O P E R,3
548,Flush Rush,3
549,So Good,3
550,Mans Man,3
551,B O O M,3
552,Soldier,3
553,W W,3
554,P T S D Awareness,3
555,Yelp,3
556,Congrats,3
557,Far,3
558,O R P U W,3
559,Coward,3
560,Cowards,3
561,Family,3
562,Wow,3
563,Craig Morgan,3
564,Alan Turing,3
565,O S C A R S,3
566,L O L,3
567,Speechless,3
568,Seal Team,3
569,T H E T X E M B A S S Y,3
570,Blessed,3
571,Press Screening,3
572,Budapest,3
573,Budapest Hotel,3
574,Troops Tuesday,3
575,Winning,3
576,Proud American,3
577,History,3
578,Hobbit,3
579,Torture Report,3
580,Q A R Live,3
581,Repost,3
582,N Y Cmayor,3
583,C,3
584,Project Almanac,3
585,Beast Mode For The Brave,3
586,Islamic State,3
587,Angelina Jolie,3
588,N U O V A,3
589,Ukraine,3
590,American Legend,3
591,Movie Day,3
592,N Y Times,3
593,Bruce Jenner,3
594,Guilty,3
595,H O O A H,3
596,Benedict Cumberbatch,3
597,Much Respect,3
598,Mr Turner,3
599,Gyllenhaal,3
600,Boxoffice Italia,3
601,Twitter Kurds,3
602,Inner Space,3
603,Guardiansofthe Galaxy,3
604,Movie Marathon,3
605,Ruin A Date In Five Words,3
606,Amsterdam,3
607,Idiot,3
608,Breaking,3
609,R I P Frogman C K,3
610,S F,3
611,A M C,3
612,Grateful,3
613,Black Hat,3
614,Impeach Obama,3
615,San Diego,3
616,Nightly Show,3
617,American Snipe,3
618,Sarah Palin,3
619,Hou,3
620,Never Forgotten,3
621,January,3
622,Hugo Matz,3
623,N B C Nightly News,3
624,N B C,3
625,N J,3
626,Americ,3
627,C O D,3
628,Go See It,3
629,Premiere,3
630,Save Our Vets,3
631,Mil Spouse,3
632,Idiots,2
633,R E S P E C T,2
634,Sri Lanka,2
635,La Jolla,2
636,La Teoria Del Todo,2
637,T F M,2
638,P As,2
639,Awesome Movie,2
640,Hashtag Hijak,2
641,Lame,2
642,Here We Go,2
643,Stars Earn Stripes,2
644,Robot Baby,2
645,F I L M,2
646,R I P Cris Kyle,2
647,Drone,2
648,Dry January,2
649,Rosamund Pike,2
650,R I P C K,2
651,Ice Cream,2
652,American Soldiers,2
653,Whitney Movie,2
654,Quote Of The Day,2
655,R E C E N S I O N E,2
656,Hands Up Dont Shoot,2
657,Rw O T,2
658,Oscar So Boring,2
659,Oscar So Predictable,2
660,Immitation Game,2
661,Win,2
662,Drama,2
663,P L A N Otx,2
664,H O O Y A H,2
665,Fact,2
666,H O R S E,2
667,Facebook,2
668,L O V E S,2
669,F Y I,2
670,War Veteran,2
671,Rurouni Kenshin The Legend Ends,2
672,Real Hero,2
673,Ruin Movies,2
674,Real Life,2
675,Huga Vet,2
676,F U R Y,2
677,Oscar Watch,2
678,L Q R V S L L,2
679,American Sniperfilm,2
680,L T,2
681,Aus,2
682,R I P Legend,2
683,Reclaim M L K,2
684,Ex Machina,2
685,Advance Screening,2
686,Remontada Blanca,2
687,Lets Go,2
688,Remember,2
689,I N O X,2
690,Emma Stone,2
691,Superman,2
692,Elephant Man Broadway,2
693,Oscars Suck,2
694,Red Friday,2
695,El Retodelos Oscar,2
696,Homeland,2
697,El Gran Hotel De Budapest,2
698,X Vde France,2
699,Hook Em,2
700,Air Force,2
701,Egypt,2
702,War Crimes,2
703,I M D B,2
704,Honor Chris Kyle Day,2
705,Aim Small Miss Small,2
706,American Liar,2
707,Honor The Fallen,2
708,Avengers Age Of Ultron,2
709,Edge Of Tmrw,2
710,Red White,2
711,Reply Tweet,2
712,Eagles,2
713,Against The Sun,2
714,Stoprush,2
715,Steve Carell,2
716,War On Terror,2
717,I Love U S A,2
718,E E B A F T As,2
719,I Think Yes,2
720,American Sniper Verdict,2
721,Ramadi,2
722,Le Amo,2
723,I T Showbiz,2
724,Life Itself,2
725,Reuters,2
726,Highly Recommended,2
727,Republicans,2
728,Radicalized By American Sniper,2
729,Libya,2
730,Want To See,2
731,Hip Hop,2
732,Hotel Budapest,2
733,American Hustle,2
734,Leicester Square,2
735,I S I L,2
736,Endless War,2
737,Sundance,2
738,Sunday Funday,2
739,Seal,2
740,Kyle Gallner,2
741,Speak Beautiful,2
742,Salute The Troops,2
743,Godblessourtroops,2
744,Philadelphia,2
745,Godblessthetroops,2
746,Phenomenal,2
747,G H,2
748,Arclight Dome,2
749,G E J Will Win,2
750,G Bvs D A L,2
751,President Barack Obama,2
752,G,2
753,Fury Movie,2
754,Arclight Member,2
755,Furious,2
756,Fun Fact,2
757,Juba,2
758,Julianne Moore,2
759,Italia,2
760,Fuck Yeah,2
761,Sacrifice,2
762,Progressive,2
763,Is It Legal,2
764,Frogman,2
765,Well Done,2
766,Iraqwar,2
767,Just Saying,2
768,Iraqi Sniper,2
769,Iraqi,2
770,Army Strong,2
771,Wishplash,2
772,Piede P,2
773,Pre Screening,2
774,Justin Bieber,2
775,Salutethetroops,2
776,Gilliam,2
777,Seattle,2
778,Seahawks,2
779,Pop Culture,2
780,Seinfeld,2
781,Political Heat,2
782,Japan,2
783,Police Lives Matter,2
784,Points Me,2
785,Go Navy,2
786,Podcast,2
787,Jesseventura,2
788,Post Nationalist,2
789,Powerful,2
790,Gary Sinise,2
791,God Bless Our Soldiers,2
792,J U N I O R,2
793,J S I L,2
794,Plot Twist,2
795,Please,2
796,Amazon,2
797,Plattsburgh,2
798,J O D I A R I A S,2
799,G W O T,2
800,Share,2
801,Sheep Dog,2
802,Joe For America,2
803,Pray For D Rose,2
804,Doraemon Stand By Me,2
805,S N L,2
806,Patriots Nation,2
807,Fallon Tonight,2
808,Pacioretty,2
809,Greta,2
810,Kobane,2
811,P V R,2
812,S E A L S,2
813,Insider,2
814,Kris Kyle,2
815,Film Fiends,2
816,Word,2
817,Son Of A Gun,2
818,What A Movie,2
819,Guardians,2
820,Kurds,2
821,Pumped,2
822,World News,2
823,Inglourious Basterds,2
824,Seals,2
825,P S,2
826,Gunowners,2
827,Father,2
828,S B,2
829,Sound Cloud,2
830,Guns Up,2
831,Fan,2
832,P L L Theory,2
833,H,2
834,Incassi,2
835,L I V E,2
836,Fallujah,2
837,Inc,2
838,Pace,2
839,Amstar,2
840,Google Alerts,2
841,Packers Vs Cowboys,2
842,Sky Oscars,2
843,S N I P E R,2
844,Irak,2
845,S L Cnow,2
846,Free,2
847,Wiplash,2
848,Winnipeg,2
849,Parks Farewell,2
850,Francesco Rosi,2
851,Kelly And Michael,2
852,Fox Catcher,2
853,Fox,2
854,Snipers,2
855,Forest Hills,2
856,S G T L,2
857,Palestinian Sniper,2
858,Inter Genoa,2
859,Great Acting,2
860,S G P,2
861,Palestine,2
862,Follow,2
863,Proud To Be American,2
864,All I Do Is Watch Movies All Day,2
865,Great Interview,2
866,Warrior,2
867,Inspirational,2
868,Soap Crush,2
869,S E Avs C A R,2
870,Finally,2
871,Sydney,2
872,American Pride,2
873,The Strand,2
874,Thank A Veteran,2
875,Coalition To Stop Gun Violence,2
876,Mumbai,2
877,Boycott S O T U,2
878,U,2
879,Manila,2
880,Tyo News,2
881,Veteran,2
882,Marche Republicaine,2
883,Benghazi,2
884,Boyhoodmovie,2
885,Classic,2
886,A Z W S,2
887,The Guest,2
888,Not All Americans,2
889,Movietwit,2
890,Bradley,2
891,Two Days One Night,2
892,Bell Lets Talk,2
893,Cinetel,2
894,The Hobbit The Battleof Five Armies,2
895,Bradleycooper,2
896,The Hurt Locker,2
897,Nos Toman Por Tontos M,2
898,Cinemart,2
899,A L L D A Y,2
900,Turn Your Back On Obama,2
901,Maxine X,2
902,Baby,2
903,Christian,2
904,The Drop,2
905,Code Pink,2
906,Codigo Enigma,2
907,O O C,2
908,Cuba,2
909,A F P,2
910,Cruz,2
911,Cris Kyle,2
912,Bootleg,2
913,Mad Chance,2
914,Crazy Cukkad Family,2
915,U P D A T E,2
916,O S C A R,2
917,Made In Hollywood,2
918,Thanks,2
919,A H S F R E A K S H O W,2
920,Muslim,2
921,Cough Cough,2
922,W V U,2
923,Boston,2
924,Bowe Bergdahl,2
925,Box,2
926,Box Office News,2
927,Make D C Listen,2
928,The Bachelor,2
929,Box Office U S,2
930,Congress,2
931,Mundo Show,2
932,Boy Next Door,2
933,Common Sense,2
934,Boycott,2
935,B E S T P I C T U R E,2
936,Bravo Zulu,2
937,Nominados Oscar,2
938,Chriskyle,2
939,Cartelera Invencible,2
940,Baltimore,2
941,Beast Mode,2
942,Bang,2
943,No Islam,2
944,W A,2
945,Too Good,2
946,The Voice,2
947,Celebrity,2
948,Vox Cinemas,2
949,The Wounds Within,2
950,Ccot,2
951,Based On A True Story,2
952,A Merican Sniper,2
953,Thelegend,2
954,Chapell Hill Shooting,2
955,A S A P,2
956,Theory Of Every,2
957,Cant Complain,2
958,Thetheoryofeverything,2
959,Tokyo,2
960,Never Forget C K,2
961,Yo Avise,2
962,Today,2
963,Cairo,2
964,Newyear,2
965,Never Quit,2
966,New Day,2
967,Military Life,2
968,Live Local,2
969,Moneyball,2
970,Chris Kyletrial,2
971,Tough Guy Rom Coms,2
972,W Iunion,2
973,Truth Revolt,2
974,The Lego Movie,2
975,Movie Plus Movie,2
976,Mc Gill Pride,2
977,Brian Williams Misremembers,2
978,Me Saco Mas De Una Lagrima,2
979,Navy S E A L Chris Kyle,2
980,The Maze Runner,2
981,Beijing,2
982,Movie Crew,2
983,A M E R I C A N H E R O,2
984,Chris Kyle American Murderer,2
985,Yeremiito,2
986,Charity,2
987,Toronto,2
988,The Newsroom,2
989,Business,2
990,Chis Kyle,2
991,Mejor Pelicula,2
992,Chills,2
993,Topics U S,2
994,By Jon,2
995,Mental Health,2
996,Top Prog,2
997,No Ragrets,2
998,Moore,2
999,C B B,2
1000,Cultura,2
1001,Boycott American Sniper,2
1002,Best Actress,2
1003,Deadpool,2
1004,Mystic River,2
1005,Los Del Sonido,2
1006,Dish Nation,2
1007,Disney,2
1008,U Smilitary,2
1009,T V,2
1010,Do You Believe,2
1011,Looks So Good,2
1012,Doaa El Sebaii,2
1013,B B C News,2
1014,Bestseller,2
1015,My Life O N F I R E,2
1016,U S Navy S E A L,2
1017,My Life In Ticket Stubs,2
1018,Best Sellers,2
1019,Oscar Nominees,2
1020,Y C O T,2
1021,Bob Esponja,2
1022,U S N R,2
1023,Team America,2
1024,Oscar Na T N T,2
1025,My Choice My Theater,2
1026,Oscar Gattopardo,2
1027,Billy Miller,2
1028,Take On Hate,2
1029,N O W,2
1030,Love This Job,2
1031,Denver,2
1032,Biopic,2
1033,Democrats,2
1034,Unite B Iue,2
1035,Oorah,2
1036,Love My Country,2
1037,Y W H Team No Sleep,2
1038,B Dubs,2
1039,N A V Y,2
1040,V F S C,2
1041,Decisions,2
1042,Tags For Likes,2
1043,Debbie Lee,2
1044,Ultra Screen D L X,2
1045,N R A News,2
1046,My Day In L A,2
1047,U S R C,2
1048,Must See Movie,2
1049,N H L Jets,2
1050,N Z,2
1051,Teor,2
1052,Must,2
1053,T P,2
1054,B C,2
1055,A B C,2
1056,Terrorism,2
1057,Vancouver,2
1058,B Coops,2
1059,Testamentof Youth,2
1060,M S N B C,2
1061,Ace,2
1062,U S A U S A U S A,2
1063,Oscar Norms,2
1064,Odessa,2
1065,Texans,2
1066,M S G,2
1067,Dope,2
1068,Action,2
1069,Obsequio,2
1070,T R U T H,2
1071,Mustsee,2
1072,A F I Awards,2
1073,Neil Patrick Harris,1
1074,Need To See,1
1075,Never Gets Old,1
1076,Progressives,1
1077,Zee J L F,1
1078,N I C E,1
1079,Project Happy,1
1080,Pozzo Di Borgo,1
1081,Need To Watch These,1
1082,Premiere Cinemas El Paso,1
1083,Rainy Day Reading,1
1084,New York,1
1085,Props To,1
1086,Nazi,1
1087,Nazi Lives Matter,1
1088,You Go Bradley Cooper,1
1089,Racist,1
1090,Zay Zay Com,1
1091,N O B A M A,1
1092,Need Friends,1
1093,New Music,1
1094,Nazi Propaganda,1
1095,N N P A,1
1096,Neo Black,1
1097,Re Tweet Contest,1
1098,Ray Routh,1
1099,Rangers,1
1100,Productivo,1
1101,With Cash,1
1102,Rawpapers,1
1103,You Had One Job,1
1104,Never Forget Fallen Brother,1
1105,Pretty Baby Privilege,1
1106,Prayersarewithyou,1
1107,Whora,1
1108,Nerd News,1
1109,Raw,1
1110,Never Forget Atrue Warrior,1
1111,Neocon,1
1112,Press Public,1
1113,You Are My Strength,1
1114,Nerdface,1
1115,Prep,1
1116,You Chris Kyle,1
1117,Whos With Me,1
1118,Premios Oscar,1
1119,Priceless,1
1120,Prime Wire,1
1121,Rapido Y Furioso,1
1122,Never Forgoten,1
1123,N H S,1
1124,Profound,1
1125,Zero Dark Thirty,1
1126,Raspberry Pi,1
1127,Pro Life Voices,1
1128,Why We March,1
1129,Wk Up Amer,1
1130,Pray For Iraq,1
1131,Priorityfilms,1
1132,Pro,1
1133,Prayer Breakfast,1
1134,Prayers For Taya,1
1135,Rated R,1
1136,Ravens,1
1137,Wo W,1
1138,Ravensvs Patriots,1
1139,Proud,1
1140,N P,1
1141,You Rock Fam,1
1142,Quality Film,1
1143,Yowza,1
1144,R I Pchrist,1
1145,Quality Movie Night,1
1146,N Y Giants,1
1147,Yorkdale G G,1
1148,R L T W,1
1149,R M Jtweet,1
1150,Napolitano,1
1151,Wichitaks,1
1152,Quaker Oats,1
1153,N Y,1
1154,Q O T D,1
1155,Q,1
1156,Putin,1
1157,N Y G,1
1158,Put Spider Man In Every Movie,1
1159,Put Boobie In,1
1160,R N P,1
1161,N Y Cnow App,1
1162,Pussification Of America,1
1163,N Y T Best Seller List,1
1164,R I Pbada,1
1165,R I P Sgt Adam L Cann,1
1166,Quality Time,1
1167,Wild Card,1
1168,R I P C H R I S,1
1169,R I L Chris Kyle,1
1170,N Z Za S,1
1171,Youtube,1
1172,R E V O I R,1
1173,Nah,1
1174,Najaf,1
1175,R E P U B L I C A N S,1
1176,R E Gmmc,1
1177,R E D L I G H T,1
1178,R E D Friday,1
1179,Name Dropper,1
1180,R I P Kris,1
1181,Name Your Junk After A Game,1
1182,R D,1
1183,Wild Tales,1
1184,Napoli Juve,1
1185,Quick Reviews,1
1186,Pure American Badass,1
1187,N W O,1
1188,Proud Citizen,1
1189,Your Frosh,1
1190,Nations Pride,1
1191,Your Pick,1
1192,Zapping,1
1193,Proudtobean American,1
1194,N P H,1
1195,Natu,1
1196,Navigator,1
1197,R W N J,1
1198,Proudtobe An American,1
1199,Navy Pride,1
1200,Puppy Bowl,1
1201,Your A Bitch,1
1202,N O T C O O L,1
1203,R W N Js,1
1204,Navy S E A L Radio,1
1205,You Tube,1
1206,Navy S E A L S,1
1207,N O N F I C T I O N,1
1208,R W S,1
1209,N O M I N E E S,1
1210,R U S H,1
1211,Psychopathy,1
1212,National Freedom Day,1
1213,National Champs,1
1214,Narrative,1
1215,Nashville,1
1216,R O C,1
1217,Z,1
1218,R O O T,1
1219,Punn Intended,1
1220,Wing Mom,1
1221,Nashville F A M I L Y,1
1222,Nasty Trucks Nation,1
1223,Nat Berhe,1
1224,N S W,1
1225,Nat Geo,1
1226,R T B,1
1227,Nation,1
1228,Your Welcome,1
1229,R T L L N,1
1230,R T Podcast,1
1231,Nation T V,1
1232,National Championship,1
1233,Newest Releases,1
1234,Oscar Season,1
1235,Yolo Swag,1
1236,O S C A R N O M S,1
1237,O S Noscars,1
1238,Oacars,1
1239,P J Net,1
1240,Obama Care,1
1241,X,1
1242,P I N K,1
1243,P H I L A D E L P H I A C B S,1
1244,P G A,1
1245,Obama Lies,1
1246,Obama Loves America Like,1
1247,Obsessed,1
1248,Ocars,1
1249,Officer Hollywood,1
1250,P E R K S,1
1251,Yee Yee,1
1252,X B M C,1
1253,P B R O K C,1
1254,Ycot,1
1255,P Astudent,1
1256,Official Oscar Photos,1
1257,Oh Bradley,1
1258,P A Y T H E M A N,1
1259,Oh So Original,1
1260,P A T I E N T L Y W A I T I N G,1
1261,Outrage Watch,1
1262,Oh Yes,1
1263,Ohhhh Moddoooo,1
1264,P L L Chat,1
1265,O S C A R B A I T,1
1266,Pot,1
1267,O Reillyfactor,1
1268,Notte,1
1269,Now Heres Sports,1
1270,Now Servicing,1
1271,Now You Can Watch Rrated Movies,1
1272,Nowwatching,1
1273,Nugget,1
1274,Nuit Au Musee,1
1275,P T S,1
1276,P T,1
1277,Nwin On Star Movies,1
1278,O,1
1279,O Block,1
1280,O H,1
1281,Worst Moviesof,1
1282,P R O U D M A R I N E W I F E,1
1283,Worth A Watch,1
1284,O I F Vet,1
1285,P R O P A G A N D A,1
1286,Worth The Money,1
1287,O M G,1
1288,P R A B,1
1289,P R,1
1290,P O W,1
1291,P O T U S,1
1292,P O Sobama,1
1293,O P S E C,1
1294,O Reilly Oscars,1
1295,Oi P,1
1296,Oink Oink,1
1297,Outlaw,1
1298,Out Of Touch,1
1299,Opinion,1
1300,Os,1
1301,Osars,1
1302,Oscars Lunch,1
1303,Osca,1
1304,Oscars Lado G,1
1305,Oscar Award,1
1306,Y U T,1
1307,Oscar For The Motherland,1
1308,Oscar For The Patriot,1
1309,Oscars G V L,1
1310,X X L,1
1311,Y R,1
1312,Oscar Nominated,1
1313,Oscar Nomination,1
1314,Y O Umightjustbeanasshole,1
1315,Oscarperformance,1
1316,Oscar Nominee,1
1317,Xbox,1
1318,Oscarnompredix,1
1319,Oscares,1
1320,Oscaren Qui,1
1321,Oscar Nomsnominations,1
1322,Oscar Worthy Performance,1
1323,Xbox One,1
1324,Oscar Red Carpet,1
1325,Oscar Snubs,1
1326,Opie And Anthony,1
1327,Openfollow,1
1328,Yapping Tour,1
1329,Oscartv,1
1330,Out,1
1331,Our Prophet Our Honour,1
1332,Old Memories,1
1333,X Men,1
1334,Ouija Movie,1
1335,Omaha,1
1336,Oui Shoshanna,1
1337,Otheemptychair,1
1338,Osvcars,1
1339,Omg,1
1340,One Eye D V D,1
1341,Oscary,1
1342,One Last Time,1
1343,Yasmin Mitri,1
1344,Oscarson,1
1345,One Perfect Shot,1
1346,Oscarsnoms,1
1347,Oscarsnominations,1
1348,One Proud American,1
1349,Oneofthebestdirectorsever,1
1350,Online News,1
1351,Oohrah,1
1352,Oscarsen T N T,1
1353,Open E L E C,1
1354,Yay,1
1355,Oscars So Boring,1
1356,Nothingtodowith Islam,1
1357,Pad,1
1358,Nota Potential Serial Killer,1
1359,Noam Chomsky,1
1360,Pocket Assassin,1
1361,No Hero,1
1362,No Justice No Peace,1
1363,No Mention,1
1364,Playoffs,1
1365,Play Station,1
1366,No Money Having Ass,1
1367,Pjnet,1
1368,No Net Neutrality,1
1369,Pitch Perfect,1
1370,No Pun Intended,1
1371,Pirlo,1
1372,Yes,1
1373,Pinoy Exchange,1
1374,Piers Still Sucks,1
1375,No Respect,1
1376,Philly Boy,1
1377,No School,1
1378,No Settlement Ads On Facebook,1
1379,Phi Psi,1
1380,No Sniper Oscar,1
1381,Phenomenon,1
1382,Yerli Zeplin,1
1383,Pew Pew Pew,1
1384,No To War Mongering,1
1385,Perksofthe Job,1
1386,No Turning Back,1
1387,Wolf Of Wall Street,1
1388,Yes Please,1
1389,Poem,1
1390,Nigerian Daily News,1
1391,Poster,1
1392,News Photo,1
1393,Positive,1
1394,Newsroom,1
1395,Yo Quiero,1
1396,Portage,1
1397,Popcorn Time,1
1398,Popcorn Chats,1
1399,Nicaragua,1
1400,Nick Iacobucci,1
1401,Popcorn,1
1402,Nietzsche,1
1403,Woehr Can I Find One,1
1404,Poetry,1
1405,Pop Corn Time,1
1406,Pop Corn,1
1407,Poor Timing,1
1408,Nisantasi Oscar Hub,1
1409,No Debate,1
1410,Poopy Peyton,1
1411,Woehr Facts,1
1412,No Easy Day,1
1413,No Flex Zone,1
1414,Yes We Tan,1
1415,Political Class,1
1416,Poke The Bear,1
1417,No Words,1
1418,Perks Of Having A Nanny,1
1419,Pad Movie Day,1
1420,Perhaps,1
1421,Womb Life Matters,1
1422,Parkingdispute,1
1423,Women,1
1424,Paris Attacks,1
1425,Woohah,1
1426,Parents,1
1427,Parenting,1
1428,Woop Woop,1
1429,Not A Chick Flick,1
1430,Papal Visit,1
1431,Papa John Cares,1
1432,Palladium,1
1433,Palin,1
1434,Paletta,1
1435,Yep,1
1436,Not Best Picture Worthy,1
1437,Palestinian Lives Matter,1
1438,Palestinian,1
1439,Not Interested,1
1440,Not Really A Spoiler Because Its A True Story,1
1441,Not So Common White Girl,1
1442,Pakistan,1
1443,Paintshop,1
1444,Paddington Movie,1
1445,Not Sports,1
1446,Not Worth Watching,1
1447,Pad Thai,1
1448,North Park,1
1449,Patria,1
1450,Patrick White,1
1451,Pendientes Por Ver,1
1452,Nobel Peace Prize,1
1453,Nobodyaskedmeto,1
1454,Perfection,1
1455,Nom,1
1456,Nom Nom,1
1457,Perfect Day,1
1458,Perfect Date Night,1
1459,Wolf Pack,1
1460,Perfect,1
1461,Pepe Escobar,1
1462,Nominaciones Al Oscar,1
1463,Penn,1
1464,Pellicolante,1
1465,Wolves,1
1466,Nominados,1
1467,Peace River,1
1468,Peace Region,1
1469,Peace,1
1470,Pay,1
1471,Pax Ex,1
1472,Patriots Talk,1
1473,Nominasi Oscar,1
1474,Nominated,1
1475,Nominees,1
1476,Nonfiction,1
1477,Patriotic,1
1478,Unreal Stories,1
1479,Wedowhatwehaveto,1
1480,Read American Sniper,1
1481,Thanksforyourservice,1
1482,Thank You Pune,1
1483,Thank You Troops,1
1484,Thank You Vets,1
1485,Thankful,1
1486,Thankful Tuesday,1
1487,Thanks Megashare,1
1488,Thanks To Our Service Members,1
1489,Thanksforarefreedom,1
1490,Thankyou,1
1491,Thank You For Your Service,1
1492,That,1
1493,That Baby Hasnt Moved In A While,1
1494,That Is The Question,1
1495,Thats A Doll,1
1496,The Academy Awards,1
1497,The Announcement,1
1498,The Babadook,1
1499,The Baghdad Sniper,1
1500,Thank You Military,1
1501,Thank You Chief,1
1502,The Book Of Life,1
1503,Tekton Strong,1
1504,Teamfollowback,1
1505,W W J S,1
1506,Teams,1
1507,Technology,1
1508,Ted,1
1509,Ted Cruz,1
1510,Ted Cruz Crimes,1
1511,Teens,1
1512,W W J D,1
1513,W W I I,1
1514,Telling,1
1515,Temple,1
1516,Ten News,1
1517,Tevar,1
1518,W W I I I,1
1519,Tg La,1
1520,Than Watch S O T U,1
1521,Thank Me Later,1
1522,The Blaze,1
1523,The Borgias,1
1524,Support All Troops,1
1525,The Life I Live,1
1526,The Imitaion Game,1
1527,W Magazine,1
1528,The Immigrant,1
1529,W J Z,1
1530,The Initiation Game,1
1531,The Lazarus Effect,1
1532,W J L A,1
1533,The Left Hates The Military,1
1534,The Lmitation Game,1
1535,The Hobbit The Battle Of The Five Armies,1
1536,The Loft,1
1537,The Loft Movie,1
1538,The Lunch Box,1
1539,The Man Next To You,1
1540,The Miracle,1
1541,The Most Lethal Sniper In U S History,1
1542,W I N,1
1543,W H I P L A S H,1
1544,The Hurt Lockerusa,1
1545,W O D,1
1546,The Briefing,1
1547,The Giver,1
1548,The Democrats,1
1549,W T O P,1
1550,The Ducks,1
1551,The Elephant Man,1
1552,W T F U C K I T U P,1
1553,The Equalizer,1
1554,The Feels,1
1555,W T F American Sniper,1
1556,W R I T I N G,1
1557,The Hobbit T B O T F A,1
1558,The Godfather,1
1559,W R H,1
1560,The Gold Patrol,1
1561,The Golden Globes,1
1562,The Grade,1
1563,W O W S O M E,1
1564,The Gun Show L A,1
1565,W O R K A H O L I C S,1
1566,Team Torrents,1
1567,Team Punisher,1
1568,Team Palin,1
1569,T J A M S,1
1570,T G H B,1
1571,T G I F,1
1572,T H,1
1573,T H A N K Y O U,1
1574,T H E L E G A C Y,1
1575,T H U G L I F E,1
1576,T I G,1
1577,T I G E R,1
1578,T M Z,1
1579,T Fackkk,1
1580,T N,1
1581,T N Tweeters,1
1582,T P O T,1
1583,T R E N D,1
1584,Wanna Watch It Already,1
1585,T Rex Theater,1
1586,T T O E,1
1587,T U,1
1588,T G B H,1
1589,T F Lers,1
1590,Team Kyle,1
1591,Syrian Sniper,1
1592,War Culture,1
1593,Support Our Veterans,1
1594,War Criminals,1
1595,Supportourtroops,1
1596,Surprised,1
1597,Surprises,1
1598,Swag,1
1599,War Action,1
1600,T,1
1601,T E X Frog,1
1602,T A R G E T,1
1603,T A S K,1
1604,T B I,1
1605,T C L Chinese Theatres,1
1606,T E A M F O L L O W B A C K,1
1607,T E A P A R T Y,1
1608,T E C Nation,1
1609,T E N S E,1
1610,T V N,1
1611,T W I S,1
1612,T W Trevista,1
1613,Waiting,1
1614,Tangerines,1
1615,Tango Down,1
1616,Tantodicappello,1
1617,Tapis Rouge,1
1618,Tarantino,1
1619,Target America,1
1620,Tattoo,1
1621,Taya,1
1622,Taylor Swift,1
1623,T X,1
1624,W W Z,1
1625,Team Anderson,1
1626,Team Birdman,1
1627,Team Buck,1
1628,Team Chichobelo,1
1629,Team E M,1
1630,Team Hobbs,1
1631,Team Kut Throat,1
1632,Talkinsports,1
1633,Talkin Dergy,1
1634,Talented,1
1635,Tale Me To Plano,1
1636,T X G O P,1
1637,T Xvs Eddie Routh,1
1638,T Y T,1
1639,T Y T L I V E,1
1640,T Y T Live,1
1641,Tacos Dorados,1
1642,Tactical,1
1643,Tailgateparty,1
1644,Take Command,1
1645,Take It Eazy By Kuyel,1
1646,Take Me To Plano,1
1647,Take Note,1
1648,Take That,1
1649,Wake Up Call,1
1650,Taken,1
1651,Taking Da Hint,1
1652,Taking The Pish Chaps,1
1653,The Movie Of A Warrior,1
1654,The Nerd Machine,1
1655,The Nerd Truth,1
1656,Verdict,1
1657,Two Thumbs Up,1
1658,Tx Lege,1
1659,Tyldum,1
1660,Vet Together,1
1661,Very Sad,1
1662,U Cant Hide,1
1663,U F C Fight Night,1
1664,U F O,1
1665,Vediamo Un Po,1
1666,Two More Days,1
1667,U K I P,1
1668,U K Insults Omani Girls,1
1669,Variety,1
1670,U N C Shooting,1
1671,U N I T E D R I G H T,1
1672,U R G E N T,1
1673,U S A F,1
1674,U S A Pride,1
1675,Two Things I Love About Cam,1
1676,Twittersister,1
1677,True Soldier,1
1678,Turn Down,1
1679,Truestory,1
1680,Trust,1
1681,Trustbetrayed,1
1682,Truth,1
1683,Truth Bombs,1
1684,Truthdig,1
1685,Tsarnaev,1
1686,Turn Action Movie Into Rom Com,1
1687,Turn Your Back,1
1688,Veterans Lives Matter,1
1689,Tusk,1
1690,Tweet,1
1691,Tweet Like A Conservative,1
1692,Veteranst,1
1693,Tweets,1
1694,Twitch Stream,1
1695,Twitchy,1
1696,Twitchy Team,1
1697,U S A R M Y,1
1698,Valtellina,1
1699,U S Aismorethan N Y Cand L A,1
1700,V,1
1701,Un Film Al Giorno,1
1702,V E T S,1
1703,Un Voisin Presque Parfait,1
1704,Una Noche En El Museo,1
1705,Unbelievable,1
1706,Unbelievable Jeff,1
1707,Unbelievably Moving,1
1708,V A,1
1709,Useful Updates,1
1710,U S History,1
1711,Undateable,1
1712,Used To Rednecks Like Him,1
1713,Us,1
1714,Upside,1
1715,Up With Bradley Cooper,1
1716,United Statesof America,1
1717,United X X V I,1
1718,Unlimited,1
1719,Un American,1
1720,Umutluyum,1
1721,Ultimate Survival Alaska,1
1722,Ukip Film Titles,1
1723,Valor,1
1724,U S Marine,1
1725,Valentines Day,1
1726,V S C Ocam,1
1727,U S N A V Y,1
1728,U S N A V Y S E A L S,1
1729,V O T E,1
1730,U S Navy Seal,1
1731,U S O,1
1732,U S V M,1
1733,U S Vets,1
1734,V F X,1
1735,U Sarmy,1
1736,U Shistory,1
1737,U T E P Basketball,1
1738,U V A Hoax,1
1739,Uk News,1
1740,True Stories,1
1741,True Life,1
1742,The New I Tcolor Dress,1
1743,There Can Never Be Too Many Dog Photos On Twitter,1
1744,The X Files,1
1745,Voto Film,1
1746,Theatrends,1
1747,Theimitation Game,1
1748,Themazerunner,1
1749,Theory,1
1750,Volunteer,1
1751,Voice Premiere,1
1752,Things Are Gonna Get Wild,1
1753,The Walking Dead,1
1754,Things I Cant Email From Work,1
1755,Third Wheeling,1
1756,This Is How Movies Are Supposed To Be,1
1757,This Weekend,1
1758,Viscious Christians,1
1759,This Will Destroy You,1
1760,Thismustbetheplace,1
1761,Thnx Chris,1
1762,The Whole Gang With Me,1
1763,The View,1
1764,True Legend Salute,1
1765,W C W,1
1766,W E I R D,1
1767,W E,1
1768,The Patroit,1
1769,The Plug,1
1770,The Princess Bride,1
1771,The Punisher,1
1772,The Real Hero,1
1773,The Real M V P,1
1774,The Real Story,1
1775,The Ultimate Sacrafice,1
1776,W C V B,1
1777,The Red Carpet,1
1778,The Ringer,1
1779,The Rundown,1
1780,The Sniper And The Wolf,1
1781,W B A P,1
1782,The Struggle Continues,1
1783,The Tourist,1
1784,Virtual Hug For Taya Kyle,1
1785,Thomas English Muffins,1
1786,Thrilled,1
1787,Transparent,1
1788,Top Line,1
1789,Top Stories,1
1790,Top Ten,1
1791,Top Top Film,1
1792,Torino Lazio,1
1793,Tragic Story,1
1794,Vets Rising,1
1795,Transformers,1
1796,Tripple Dog Dare,1
1797,Thumbs Up,1
1798,Trivia Crack,1
1799,Troops Thursday,1
1800,Troppo Bello,1
1801,True American,1
1802,True American Hero,1
1803,True American Heroes,1
1804,True American Legend,1
1805,True Badass,1
1806,Top Five Wednesdays,1
1807,Video Game,1
1808,Top Bigot,1
1809,Ton Zanta,1
1810,Thumbs Way Up,1
1811,Tibet,1
1812,Times Plus,1
1813,Tistory,1
1814,Tminus,1
1815,To All The Grunts,1
1816,Virtual Hug For Taya,1
1817,To Watch List,1
1818,Virginia,1
1819,Today Show,1
1820,Todd Starnes,1
1821,Tom Kovach,1
1822,Tomatometer,1
1823,Tomball,1
1824,Vietnam Veteran,1
1825,Vietnam,1
1826,Tommy Show,1
1827,Support Good Movies,1
1828,Superb,1
1829,Ready When You Are,1
1830,Wembley Park,1
1831,S N A F U,1
1832,S N U B,1
1833,S O A,1
1834,West Wind,1
1835,S O M A N Y,1
1836,S O N S,1
1837,West L A,1
1838,Wes Anderson,1
1839,S P O I L E R,1
1840,S J Now,1
1841,S P O I L E R A L E R T,1
1842,S T O P Islam,1
1843,S T O U,1
1844,S U N D A Y C I N E M A,1
1845,S V U,1
1846,S W F L,1
1847,Well Deserved,1
1848,Welcome To Happiness,1
1849,S M T A,1
1850,Western Values,1
1851,Sad,1
1852,S E Avs G B,1
1853,S C V,1
1854,S Ctop,1
1855,S D C C,1
1856,S D O T G F X,1
1857,S D T G,1
1858,Whats More American,1
1859,S E A L Chris Kyle,1
1860,S E A L Team Three,1
1861,S E E,1
1862,S I G U E M E,1
1863,S E M P E R F I,1
1864,What,1
1865,S E T H R O G E N,1
1866,Wet Hot American Summer,1
1867,S H A M Eon U,1
1868,S H E E P D O G,1
1869,S H L O N G,1
1870,S H O T Show,1
1871,Sab,1
1872,Sad Ending,1
1873,Super Excited,1
1874,Say Dat,1
1875,Saudi,1
1876,We Will Remember You,1
1877,We Will Always Remember,1
1878,Savage Empire,1
1879,Save It For The Movie,1
1880,Saverio Costanzo,1
1881,Saving Private Ryan,1
1882,Saw It Online,1
1883,Say No To Extremism,1
1884,Wecorrupt,1
1885,Scar Noms,1
1886,Scott Mc Ewen,1
1887,Screener Season,1
1888,Screeners,1
1889,Screengrab,1
1890,Screenplay,1
1891,Screenwriter,1
1892,Screenwriting,1
1893,Saturday Night Turn Up,1
1894,Sas,1
1895,Sag Aftra Member,1
1896,Wedding Riner,1
1897,Weekly Goals,1
1898,Weekend Of No Beer,1
1899,Unreal,1
1900,Sahel News,1
1901,Said No One Ever,1
1902,Salcedo Storm,1
1903,Salem,1
1904,Salsa Verde,1
1905,Salute Chris Kyle,1
1906,Sardinia Outlet Village,1
1907,Salute To Our Troops,1
1908,Salutea Tutti,1
1909,Sam Kille,1
1910,Same Over The Top Crap,1
1911,San Antonio Military Medical Center,1
1912,San Diego News,1
1913,Santikos Palladium,1
1914,Sarapan Seru,1
1915,S B U,1
1916,S A T,1
1917,S A Sat M I N,1
1918,Relatos Salvajes,1
1919,White Supremacy,1
1920,Red White Blue,1
1921,Red Whiteand Blue,1
1922,Redeployed,1
1923,Redneck Film,1
1924,Rednecks,1
1925,Reform Islam N O W,1
1926,Reign,1
1927,Religion,1
1928,Red Neck,1
1929,Republican,1
1930,Rescue,1
1931,White Privilege,1
1932,Respect For Kyle,1
1933,Respect For Our Military,1
1934,Respect Our Military,1
1935,Respect To Seals,1
1936,Rest In Peace,1
1937,Red White And Bradley Cooper,1
1938,White Terrorism,1
1939,S A N,1
1940,Really Good Movie,1
1941,Real American Hero,1
1942,Real Cowards,1
1943,Real Heroes Dont Rock Swag Bags,1
1944,Real Heros Wear Camo,1
1945,Whoopi Goldberg,1
1946,Real Tara Kyle,1
1947,Real Time,1
1948,Really Good,1
1949,Reaper,1
1950,Red Nation,1
1951,Rear Windows Oscar,1
1952,Reccomend,1
1953,Who Waits For Theatres,1
1954,Reclineat Regal,1
1955,Recomedada,1
1956,Recomendable,1
1957,Who Is Muhammad,1
1958,Who Got The Free Stream Tho,1
1959,Reverend,1
1960,Revoltada,1
1961,Rhodes Scholar,1
1962,Rwanda,1
1963,Royalty,1
1964,Rozand Mocha,1
1965,Rubber Baby,1
1966,Ruin A Wedding In,1
1967,Russell Brand,1
1968,Russia,1
1969,Russian,1
1970,Russian Sniper,1
1971,Ryan Braun,1
1972,Ridiculous Snub,1
1973,Rys Favorite Reptile,1
1974,S,1
1975,Where Are The Women,1
1976,When Is Afflecks Next Movie,1
1977,S A Gaward,1
1978,S A L U T E,1
1979,Whedonverse,1
1980,Whats With That,1
1981,Royal Rumble,1
1982,Whiplash For Best Pic,1
1983,White House,1
1984,Rough Life,1
1985,Rigsby,1
1986,Rihanna,1
1987,Ringing Endorsement,1
1988,White Lives Matter,1
1989,Ripchris,1
1990,Ripkyle,1
1991,Ripple Effect,1
1992,Rmg Crew,1
1993,Robbed,1
1994,Robby C Showings,1
1995,Robin,1
1996,Roch M N,1
1997,Rocket Raccoon,1
1998,Rolling Stone,1
1999,Rolling Stones Magazine,1
2000,Roma Lazio,1
2001,Roommates In,1
2002,Seal Team Six,1
2003,Sean Hannity,1
2004,Secret Wars,1
2005,Warner Bros Ita,1
2006,Warner Oscar,1
2007,Warner Brothers,1
2008,Sonsof Liberty,1
2009,Sony Movies,1
2010,Soon,1
2011,Soon See,1
2012,Soontobe Best Movie Ever,1
2013,Sopa De Queso,1
2014,Sorry,1
2015,Sons Of Anarchy,1
2016,Soukaina Boukries,1
2017,Sound,1
2018,Sound Editing,1
2019,Sound Mixing,1
2020,Sound Track,1
2021,South,1
2022,Spanishparents Gift,1
2023,Spare Parts Movie,1
2024,Sons Of L Iberty,1
2025,Sonora,1
2026,Sniping The Movie,1
2027,So Sad Though,1
2028,Snowmageddon,1
2029,Warrior Hero,1
2030,Snubbed,1
2031,Snubs,1
2032,So Close Yet So Far,1
2033,So I Bought A Theatre,1
2034,So Pumped,1
2035,So Real,1
2036,So Tired,1
2037,Someone Come With,1
2038,Social Medi,1
2039,Social Media,1
2040,Soldier For Life,1
2041,Soldier On,1
2042,Soldiers,1
2043,Solid Day,1
2044,Somber Ending,1
2045,Some Gave All,1
2046,Spectral,1
2047,Warner,1
2048,Spencer Has Resources,1
2049,Strive For Greatness,1
2050,Still Want To See It,1
2051,Stillthebeststory,1
2052,Stolen Valor,1
2053,Stop Censorship Now,1
2054,War Movies,1
2055,Storico Biografico,1
2056,Stories,1
2057,Streaming,1
2058,Student Athlete,1
2059,Spielberg,1
2060,Stupid Whore,1
2061,Success,1
2062,War Is Peace,1
2063,Such A Good Movie,1
2064,Such Ashowoff,1
2065,Sucks,1
2066,Sunset Place,1
2067,Super Bowl Sunday,1
2068,Still Knocked You Out,1
2069,Stern Show,1
2070,Stephenville,1
2071,Steelers,1
2072,Spinis,1
2073,Spokane,1
2074,Spokane P D,1
2075,War Stories,1
2076,Spongebob,1
2077,Sports Mobile,1
2078,Spring News,1
2079,Springsteen,1
2080,St Vincent,1
2081,Star Cinema Hit,1
2082,Star Wars,1
2083,Stars And Stripes,1
2084,State,1
2085,Stateof The Union,1
2086,Stati Uniti,1
2087,Stay Mad,1
2088,Stay Woke,1
2089,Snow Storm,1
2090,Sniping Runs In The Family,1
2091,Seggs Movie Reviews,1
2092,Shotta,1
2093,Sharp Shooter,1
2094,Sheep Dogs,1
2095,Sheepdog,1
2096,Sheldon Turner,1
2097,Shellie Says,1
2098,Shes A Keeper,1
2099,Shia,1
2100,Shlong In,1
2101,Should Win Every Oscar Ever,1
2102,Shame On The Academy,1
2103,Show,1
2104,Show Box,1
2105,Show Us Your Beast Mode,1
2106,Showbiz News,1
2107,Shrek,1
2108,Shrinkage,1
2109,Shut Up,1
2110,Watching Now,1
2111,Shameless Self Plug,1
2112,Shades,1
2113,Snipers Only,1
2114,Serena,1
2115,Selfie Without Brad,1
2116,We Remember You Kyle,1
2117,We Remember You,1
2118,We Post Bad Guys,1
2119,Semper Fidelis,1
2120,Semperfi,1
2121,Sensational,1
2122,Serata,1
2123,Serve And Protect,1
2124,Sfx Makeup,1
2125,Set A Film To Music,1
2126,We Can Do Better,1
2127,Seth Rogans,1
2128,We Are U K,1
2129,Sethrogen,1
2130,Setting,1
2131,Seventh Son,1
2132,Sexy,1
2133,Si Te Ven Conmigo,1
2134,Sick Movie,1
2135,Side Hustle Daily,1
2136,Warrior Hero Chris Kyle,1
2137,Wash Free Beacon,1
2138,Sniff,1
2139,Snipaaah,1
2140,Snipe Life,1
2141,Snipe Snipe,1
2142,Sniped,1
2143,Warriros Live By A Code,1
2144,Warrior Wedneday,1
2145,Sniper American,1
2146,Sidenote,1
2147,Sniper Americano,1
2148,Sniper Anything Fan,1
2149,N G L,1
2150,Sniper Elite,1
2151,Sniper Elite Series,1
2152,Sniper En C A L A,1
2153,Sniper Movies,1
2154,Sniper Z,1
2155,Sneak Peek,1
2156,Smokejoint,1
2157,Sloppy Top,1
2158,Slacking,1
2159,Sieanna Miller,1
2160,Siena Saints,1
2161,Sienna,1
2162,Watchies,1
2163,Sig Sauer,1
2164,Sigue Vivo,1
2165,Silkworm,1
2166,Silver Linings Playbook,1
2167,Silverado,1
2168,Similar,1
2169,Simo Hayha,1
2170,Singapore,1
2171,Sketch Comedy,1
2172,Skip The Speech,1
2173,Watchfullmovie,1
2174,Sky Arte H D,1
2175,Watch,1
2176,A,1
2177,Lo Mejordel,1
2178,N F Lon F O X,1
2179,Come Ammazzare Il Capo,1
2180,Cringe,1
2181,Criticschoice,1
2182,Cry Babies,1
2183,Cry Baby,1
2184,Cuando Tengo Hambre,1
2185,Currently,1
2186,Currently Watching,1
2187,Curtis,1
2188,Cyber Caliphate,1
2189,Cz Torrent,1
2190,D,1
2191,D A N A,1
2192,D B H,1
2193,D B W,1
2194,D C Sniper,1
2195,D E M O C R A T S,1
2196,D E Ms,1
2197,D E N,1
2198,D F D,1
2199,D F W,1
2200,D I L E M M A,1
2201,Cried For A True Hero,1
2202,Creeping Sharia,1
2203,Crank Calls,1
2204,Coops,1
2205,Con Air,1
2206,Conan,1
2207,Concours,1
2208,Conserv,1
2209,Conservative,1
2210,Constantine,1
2211,Content Of Character,1
2212,Cooper Scooper,1
2213,Cooper Xlnt,1
2214,Coors,1
2215,Cozy,1
2216,Copy,1
2217,Could You Live With That Decision,1
2218,Countdown To Oscar,1
2219,Country,1
2220,Country Music,1
2221,Courage,1
2222,Cowboy Nation,1
2223,Cowboys Nation,1
2224,Cowboys Shouldve Won,1
2225,D K,1
2226,D L M Challenge,1
2227,D L R S,1
2228,Deserve I T,1
2229,Defiant Eagle Band,1
2230,Define Hero,1
2231,Delta Sniper,1
2232,Democrat,1
2233,Dendy Canberra,1
2234,Denver Broncos,1
2235,Der Scharfsch,1
2236,Derrick Rose,1
2237,Desert Storm,1
2238,Deserves All The Awards,1
2239,Dedicated To You Brother,1
2240,Detroit,1
2241,Di Caprio Who,1
2242,Diapers,1
2243,Diario Di Maria Pia,1
2244,Dick Move,1
2245,Did You Know,1
2246,Die Sand Nigger,1
2247,Dii M E,1
2248,Dilemna,1
2249,Deff A Must See,1
2250,Deblasio,1
2251,D O N T M E S S W I T H U S A,1
2252,Datenight,1
2253,D V D,1
2254,Dad Bloggers,1
2255,Daeshbags,1
2256,Dallas Cowboys,1
2257,Damn,1
2258,Damn I Love Americans,1
2259,Dan Bilzerian,1
2260,Dark Horse,1
2261,Dart Board Dauber,1
2262,Dato Curioso,1
2263,Death Penalty,1
2264,Daughter,1
2265,Dawn Of Apes,1
2266,Dawnofthe Planetofthe Apes,1
2267,Daybreak,1
2268,De Fund Amnesty,1
2269,Dead,1
2270,Deah Barakat,1
2271,Dear Oomf,1
2272,Dear White People,1
2273,Common Core,1
2274,College Baseball Season Is Upon Us,1
2275,Free Media For All,1
2276,Collateral Murder,1
2277,Changing My Ways,1
2278,Channing Tatum,1
2279,Chapel Hill Shootings,1
2280,Character Study,1
2281,Charile Hebdo,1
2282,Charles Hebdo,1
2283,Charles Michael Davis,1
2284,Cheap,1
2285,Chiara Biasi,1
2286,Chick Flick,1
2287,Chief Tecumseh,1
2288,Chilis,1
2289,Chill Mode,1
2290,Chilled,1
2291,China,1
2292,Choice Is Yours,1
2293,Choices,1
2294,Chris Haring,1
2295,Chris Kelly,1
2296,Chris Klye,1
2297,Chris Kyel,1
2298,Change,1
2299,Chance Kelly,1
2300,Ch I,1
2301,Captain America,1
2302,Callof Duty,1
2303,Callofduty,1
2304,Canada,1
2305,Canadian Mercenary,1
2306,Canadian Sniper,1
2307,Cant Buy Class,1
2308,Cant Make This Shit Up,1
2309,Cant Wait Much Longer,1
2310,Cant Watch Reality,1
2311,Captain Clutch,1
2312,Ceremony,1
2313,Caracas,1
2314,Carlos Hathcock,1
2315,Cast,1
2316,Catch,1
2317,Celeb,1
2318,Celebritynews,1
2319,Celtics,1
2320,Censorship,1
2321,Censure Socialiste,1
2322,Chris Kyle Band,1
2323,Chris Kyle Beard,1
2324,Chris Kyle Family,1
2325,Clint East Wood Directed,1
2326,Citizens United,1
2327,City Walk L A,1
2328,Clangin And Bangin,1
2329,Class,1
2330,Class Act,1
2331,Class Film,1
2332,Clever Branding,1
2333,Clickbait,1
2334,Client Eastwood,1
2335,Clint Eastwoodrules,1
2336,Cinephiles,1
2337,Clint Lorance,1
2338,Clinteastwood,1
2339,Clintmania,1
2340,Cloud N A S,1
2341,Co Mo,1
2342,Co T,1
2343,Coastguard,1
2344,Cobertura Cinemark,1
2345,Coffee,1
2346,Citizen Four,1
2347,Cinemax,1
2348,Chris Kyle Hero,1
2349,Christ Kyle,1
2350,Chris Kyle Is A Hero,1
2351,Chris Kyle Isa Fuck Boy,1
2352,Chris Kyle R I P,1
2353,Chris Kyle Shit Himself When He Died,1
2354,Chris Kyle The Legend,1
2355,Chris Kyle Trial,1
2356,Chris Kyleday,1
2357,Chris Kyles,1
2358,Chriskylefrogfoundation,1
2359,Christian Cleavage,1
2360,Cinemart Cinemas,1
2361,Christianity,1
2362,Christopher Scott Kyle,1
2363,Chrs Kyle,1
2364,Chrysler V F,1
2365,Chuk,1
2366,Cine,1
2367,Cinema Fan,1
2368,Cinema Score,1
2369,Cinemark,1
2370,Dingoes Ate My Baby,1
2371,Dinner,1
2372,Direct Energy Weapons,1
2373,Director,1
2374,Fake Baby Gate,1
2375,Fake R T M Tweets,1
2376,Fallen,1
2377,Fallujah Iraq,1
2378,Fam,1
2379,Famous Effects,1
2380,Fantastic Four,1
2381,Fanuendo,1
2382,Farandula,1
2383,Farenheit,1
2384,Fashion,1
2385,Fastand Furious,1
2386,Father Forgive Them,1
2387,Favorite,1
2388,Feeling Patriotic,1
2389,Feeling Thankful,1
2390,Feels,1
2391,Femail,1
2392,Feminists,1
2393,Fifty,1
2394,Fight Club,1
2395,Fail,1
2396,Fahrenheit,1
2397,Faces Of The Movement,1
2398,F N L,1
2399,Exodus Gods And Kings,1
2400,Extra R I S I N G,1
2401,Extremism,1
2402,Eye Candy,1
2403,Eye Opening,1
2404,F,1
2405,F L A G S,1
2406,F L O T U S,1
2407,F M L,1
2408,F N S Oscars,1
2409,Face Of M L B,1
2410,F O I A,1
2411,F O X C A T C H E R,1
2412,F R A N C O T I R A D O R,1
2413,F R E E F A C E B O O K,1
2414,F R I D A Y,1
2415,F T N Theories,1
2416,F T W,1
2417,F U Michael Moore,1
2418,F Y C,1
2419,Film Club,1
2420,Film Critic,1
2421,Film Da Vedere,1
2422,Fox News C H A T,1
2423,Foreign Policy,1
2424,Forever Alone,1
2425,Forevermark,1
2426,Forged,1
2427,Forrest Gump,1
2428,Fort Bliss,1
2429,Fort Mc Murray Shooting,1
2430,Four Five Seconds,1
2431,Fox News And Fans,1
2432,Fox News Facts,1
2433,Ford,1
2434,Foxchaser,1
2435,Fozzie Watching,1
2436,France,1
2437,France Unity March,1
2438,Franco Tiratore,1
2439,Francophonie,1
2440,Frank Is A Stud,1
2441,Frayze,1
2442,Frayze X Play Back,1
2443,Ford Ranger,1
2444,For Your Mates,1
2445,Film Editing,1
2446,Finnish Sniper,1
2447,Film Month,1
2448,Film Night,1
2449,Film Of The Week,1
2450,Film Of The Year,1
2451,Film Twitter,1
2452,Film Update,1
2453,Filmmakers,1
2454,Filmsand Popcorn,1
2455,Find A Way To Get There,1
2456,Fire Bob Beckel,1
2457,For Real Though,1
2458,First World Problems,1
2459,Five Words To Ruin A Job Interview,1
2460,Flacco,1
2461,Flash News,1
2462,Flashback,1
2463,Flautas,1
2464,Flick,1
2465,Foda,1
2466,For Are Troops,1
2467,Exodus,1
2468,Exclusive Shit,1
2469,Exceptional,1
2470,Duty,1
2471,Down With The Oscars,1
2472,Dr Pepper Giveaway,1
2473,Dragunov,1
2474,Dreamy,1
2475,Drinko Bingo,1
2476,Duck Commander,1
2477,Duck Soup,1
2478,Dumb Ass,1
2479,Dumband Dumber To,1
2480,E A S T W O O D,1
2481,Doug Giles,1
2482,E Books,1
2483,E P I C,1
2484,E T Now,1
2485,E T Oscars,1
2486,E Tnow,1
2487,E U,1
2488,E X C I T E D,1
2489,Ea Pa Rt Y,1
2490,Eagle Up,1
2491,Doug Loves Messed Up Movies,1
2492,Dopo Napolitano,1
2493,Eastwood Rocks,1
2494,Doctor Who,1
2495,Directors Guild Of America,1
2496,Dirt Free Films Rule,1
2497,Dirt Sailors,1
2498,Dirty Wars,1
2499,Disrespect,1
2500,Dixie,1
2501,Do It,1
2502,Do It For Chris,1
2503,Do Your Job,1
2504,Dogsof War,1
2505,Dope P Music,1
2506,Dolby A T M O S,1
2507,Dome,1
2508,Done,1
2509,Dont Ask Me How I Do It,1
2510,Dont Block F O X News,1
2511,Dont Call Me Baby,1
2512,Dont Deserve This,1
2513,Dont Screw Up Deadpool Hollywood,1
2514,Dope Flick,1
2515,Early Screening,1
2516,Eating And Reading,1
2517,Evolve,1
2518,Escucho R C N,1
2519,Englishfuckwit,1
2520,Enlisting,1
2521,Entrepreneur,1
2522,Epitamy Of Patriotism,1
2523,Epitamy Of U S Warrior,1
2524,Eric Garner,1
2525,Erie,1
2526,Ernie Pyle,1
2527,Es Misi,1
2528,Estoy Muy Excited,1
2529,End War Culture,1
2530,Estrenos Blancica,1
2531,Estrenos C U,1
2532,Etc,1
2533,Euro,1
2534,Europe,1
2535,Even If I Have To Go Alone,1
2536,Event,1
2537,Everylifematters,1
2538,Evil Sitcoms,1
2539,End War Glorification,1
2540,End The Fed,1
2541,Eclectic Pop,1
2542,El Gallo N,1
2543,Edfie Ray Routh,1
2544,Edgar Valdez,1
2545,Editorial Cartoon,1
2546,Edm,1
2547,Edm Family,1
2548,Edmonton,1
2549,Eduardo Abril,1
2550,Eduardo Abrilde Fontcuberta,1
2551,Efecto Eastwood,1
2552,El Gordo De Los Rompebodas,1
2553,End Liberalism,1
2554,El Poder De Oprah,1
2555,Electro,1
2556,Elephant Man,1
2557,Elovesmovies,1
2558,Embassy Screens,1
2559,Emotional Event,1
2560,Empty Chair,1
2561,End Abortion,1
2562,End Jingoism,1
2563,Call Me,1
2564,California,1
2565,Cabaret,1
2566,Basta,1
2567,Apparel,1
2568,Appetizers,1
2569,Appreciate,1
2570,Arab Bae,1
2571,Arc Light Hollywood,1
2572,Arizona,1
2573,Armed Forces,1
2574,Arn,1
2575,Arsal,1
2576,Art,1
2577,Arthur Silber,1
2578,Ask Austin,1
2579,Ask Dana,1
2580,Ask Dems,1
2581,Ask Dove,1
2582,Ask Raya Bradley Sienna,1
2583,Ask The W H,1
2584,Askfor Help,1
2585,Askthe W H,1
2586,Assa Holocaust,1
2587,Assistindo,1
2588,Anyone,1
2589,Anti Gun,1
2590,Anti American,1
2591,Andhedies,1
2592,Americas Sweetheart,1
2593,Americas Team,1
2594,Amerikuh,1
2595,Amore Bugiardo,1
2596,Amry,1
2597,An American Not In Paris,1
2598,And Dont Come Back,1
2599,Anderson,1
2600,Anderson Cooper,1
2601,Andreolli,1
2602,Ant Man,1
2603,Android,1
2604,Android Dev,1
2605,Anerican Sniper,1
2606,Anerican Sniper I T,1
2607,Angels,1
2608,Aniston,1
2609,Anne Hathaway,1
2610,Annonymous,1
2611,Ansiosos,1
2612,At Home Movies,1
2613,Athletics,1
2614,Audible,1
2615,Back,1
2616,B O Y H O O D,1
2617,B P U S A,1
2618,B R I Ts,1
2619,B T Xtrack,1
2620,B U D,1
2621,B U I L Dseries,1
2622,B U Tnotforgotten,1
2623,B Y E,1
2624,Baby Je,1
2625,Bad Daddies,1
2626,B O Capsule,1
2627,Bad Daddys,1
2628,Bad Turn Worse,1
2629,Bae,1
2630,Baja California,1
2631,Ballers,1
2632,Bandila,1
2633,Banquete Cinematogr,1
2634,Barclay Burnt Alicia,1
2635,Baseball Vines,1
2636,B O X O F F I C E,1
2637,B I S,1
2638,Augustin Tine,1
2639,Awards Bait,1
2640,Aus Open,1
2641,Austin Oscars,1
2642,Australia Day,1
2643,Ava Du Vernay,1
2644,Avatar,1
2645,Avengers,1
2646,Avid,1
2647,Award,1
2648,Awards,1
2649,Axelson Tactical,1
2650,B I R D M A N,1
2651,B,1
2652,B A F T As,1
2653,B A Lvs N E,1
2654,B A M,1
2655,B B W Movie Reviews,1
2656,B Coop,1
2657,B D R S,1
2658,B E N G H A Z I,1
2659,B F,1
2660,Americas Navy,1
2661,Americas Finest,1
2662,Americanism,1
2663,Acts,1
2664,A S S O L U T A M E N T E,1
2665,A True Hero,1
2666,A V C Honors,1
2667,A W E S O M E,1
2668,Academy,1
2669,Acefilm,1
2670,Actionha,1
2671,Active Heroes,1
2672,Actors Studio,1
2673,Adam Driver,1
2674,A S H A M E D,1
2675,Adam Jones,1
2676,Adam Levine,1
2677,Adams,1
2678,Adapted Screenplay,1
2679,Addicted,1
2680,Afdah,1
2681,Ageof Ultron,1
2682,Aiace Torino,1
2683,Aix,1
2684,A S L Oscars,1
2685,A New King Is Crowned,1
2686,Al Qaeda,1
2687,A M,1
2688,A C,1
2689,A C C E S S,1
2690,A Clockwork Orange,1
2691,A D G Award,1
2692,A F C,1
2693,A F F F,1
2694,A F I Fest,1
2695,A I B Knockout,1
2696,A Joke,1
2697,A M A Z I N G,1
2698,A N X I O U S,1
2699,A M C B P S,1
2700,A M C Movie News,1
2701,A M E R I C A N S,1
2702,A M E R I C A Nmovie,1
2703,A M E R I C A T H E B E A U T I F U L,1
2704,A Mirror For Our Society,1
2705,A Must Watch,1
2706,A Mvets,1
2707,A N T I W A R,1
2708,Aksarben Village,1
2709,Al Queada,1
2710,Americancinema,1
2711,American Rapist,1
2712,American Gangster,1
2713,American Griper,1
2714,American Hasbara,1
2715,American Heroes,1
2716,American Heros,1
2717,American Horror Story Freak Show,1
2718,American Murder Franchise,1
2719,American Patriot,1
2720,American Politics,1
2721,American Retard,1
2722,American Extremist,1
2723,American Sn,1
2724,American Sniper Baby,1
2725,American Sniper Fake Baby,1
2726,American Sniper Jam,1
2727,American Sniper Review,1
2728,American Sniper Sens,1
2729,American Snooper,1
2730,American Torturers,1
2731,American Whimpers,1
2732,American Family,1
2733,American Drug Lord,1
2734,Alaska,1
2735,Alqaeda,1
2736,Alec Baldwin,1
2737,Alejandro Gonzalez Inarritu,1
2738,Alessandro Siani,1
2739,Alfombra Roja E,1
2740,Algeria,1
2741,All Arm Forces,1
2742,All The Tears,1
2743,All Time Top,1
2744,Almost Human,1
2745,Alt Academy Awards,1
2746,American Dream,1
2747,Am I Being Punkd,1
2748,Amercia,1
2749,Amercian Sniper,1
2750,Americ An Sniper,1
2751,America Sniper,1
2752,American Bullshit,1
2753,American Cluelessness,1
2754,American Diplomat,1
2755,American Director,1
2756,Baselight,1
2757,Batmanv Superman,1
2758,C Z Nnoticias,1
2759,Battlefield,1
2760,Branded Content,1
2761,Brandley Cooper,1
2762,Branson Meadows Cinema,1
2763,Braver Than Brave,1
2764,Bravery,1
2765,Brazen By Raqc,1
2766,Breaking Bad,1
2767,Breakingthe Set,1
2768,Brecht,1
2769,Brew On This,1
2770,Brian Williams Suspension Activities,1
2771,Brilliant Film,1
2772,Bring Home The Oscars,1
2773,Bring On The Feels,1
2774,Broke,1
2775,Broncos Country,1
2776,Brother,1
2777,Brother In Arms,1
2778,Brotherhood,1
2779,Brothers,1
2780,Brown Sweat Stained Baseball Caps,1
2781,Brainwash,1
2782,Bragging Bastard,1
2783,Bradly Cooper,1
2784,Boyz N Thehood,1
2785,Bottlebreacher,1
2786,Box Office France,1
2787,Box Office Italia,1
2788,Boy Hood,1
2789,Boycott L H H N Y,1
2790,Boycott Michael Moore,1
2791,Boycott Seth Rogen,1
2792,Boycott Sorority Sister,1
2793,Boys Will Be Boys,1
2794,Brad Cooper,1
2795,Bradleys Badass,1
2796,Brad Pitt,1
2797,Bradey Cooper,1
2798,Bradley Coooper,1
2799,Bradley Cooper At His Best,1
2800,Bradley Cooper Is A Boss,1
2801,Bradley Cooper Or Michael Camacho,1
2802,Bradley Cooper Was Screwed By The Golden Globes,1
2803,Bradleyem Cooperem,1
2804,Bradleyisasavage,1
2805,Brucken Kill Yourself,1
2806,Bt Extra,1
2807,Buddha,1
2808,C O N S T I T U T I O N,1
2809,C H A P E L H I L L S H O O T I N G,1
2810,C I A,1
2811,C I N E M A,1
2812,C K,1
2813,C K F F,1
2814,C K F Fdn,1
2815,C L I N T,1
2816,C L T,1
2817,C N N Oscars,1
2818,C O N T R O L,1
2819,C E Obizzo,1
2820,C O S M O News,1
2821,C O Y G,1
2822,C P V T S,1
2823,C R,1
2824,C R A F Tinternational,1
2825,C R A Z Y,1
2826,C R Live,1
2827,C S P A N,1
2828,C U R N Bl O G,1
2829,C H,1
2830,C D Cwhistleblower,1
2831,Buenas Noches,1
2832,Burnt,1
2833,Buffalo Wild Wings,1
2834,Bumbe,1
2835,Bummer,1
2836,Buona Serata,1
2837,Burbank,1
2838,Burden Of Freedom,1
2839,Burke Theater,1
2840,Burn,1
2841,Burn It Down,1
2842,Bush,1
2843,C C P,1
2844,Bush Did,1
2845,Business Plan,1
2846,Butler,1
2847,Bye Week,1
2848,C A N N O T W A I T,1
2849,C A N T W A I T,1
2850,C A S,1
2851,C A S Awards,1
2852,C A Z Z O,1
2853,Born In The Wrong Country,1
2854,Bops,1
2855,Booyah,1
2856,Best Picture Noms,1
2857,Best Movie,1
2858,Best Movie Ever,1
2859,Best Movie Of,1
2860,Best Movie Of The Year,1
2861,Best Movieofthe Year,1
2862,Best Movies,1
2863,Best Original,1
2864,Best Pic,1
2865,Best Picture Nominations,1
2866,Best Propaganda Film,1
2867,Best Films,1
2868,Best Sellers List,1
2869,Best Sniper Award,1
2870,Best Sound Editing,1
2871,Beste Film,1
2872,Bestfilmof,1
2873,Biden,1
2874,Big,1
2875,Big Bang Theory,1
2876,Big Corps,1
2877,Best Job Ever,1
2878,Best Film Ever,1
2879,Big In The Film Game,1
2880,Believe,1
2881,Bawling My Eyes Out,1
2882,Be A Bro,1
2883,Be Fully Informed,1
2884,Be Jealous,1
2885,Beards For Chris,1
2886,Been Waiting For This,1
2887,Beep Beep,1
2888,Beetlejuice,1
2889,Beirut,1
2890,Bell Lets Ta Ik,1
2891,Best Everything,1
2892,Belpietro,1
2893,Benghazi Video,1
2894,Bennett Miller,1
2895,Bent,1
2896,Bergman Oscars,1
2897,Berita,1
2898,Best,1
2899,Best Adapted,1
2900,Best Director,1
2901,Big Eyes Movie,1
2902,Bigger Stars,1
2903,Boots,1
2904,Book Tv,1
2905,Blowback,1
2906,Bobl,1
2907,Bobl Eponge Le Film,1
2908,Bohemia Rising,1
2909,Boko,1
2910,Boko Haram,1
2911,Bold Call,1
2912,Bombay Times,1
2913,Book,1
2914,Book Worm Problems,1
2915,Block Buster,1
2916,Books B,1
2917,Books Before They Were Films,1
2918,Books Not Bombs,1
2919,Bookto Movie,1
2920,Boom,1
2921,Boot Leg,1
2922,Boot Leg Movie Lit,1
2923,Bootleg For Life,1
2924,Bootleg Me,1
2925,Bloomberg T V I D Info,1
2926,Blessed To Me An American,1
2927,Bilal Movie,1
2928,Black Images Matter,1
2929,Bill O Reilly Misremembers,1
2930,Biogr,1
2931,Biography,1
2932,Bird Gang,1
2933,Bit Excited,1
2934,Bits,1
2935,Bixby,1
2936,Biz,1
2937,Black History Month,1
2938,Black Lives Matter,1
2939,Blanks,1
2940,Black Or White,1
2941,Black Panthers,1
2942,Black Siskeland Ebert,1
2943,Black Twitter,1
2944,Black Voice,1
2945,Black White,1
2946,Blacktwitter,1
2947,Blake Shelton,1
2948,Bland,1
2949,Freccero,1
2950,Free Movie,1
2951,N F L Draft,1
2952,Kripes,1
2953,Laughing,1
2954,Layed Up,1
2955,Layer Cake,1
2956,Leadership,1
2957,Leading Role,1
2958,Lebanon,1
2959,Left,1
2960,Legendary,1
2961,Legendary Sniper,1
2962,Leggenda,1
2963,Leggo,1
2964,Legit,1
2965,Lena Dunham,1
2966,Leonardo Di Caprio,1
2967,Let Down,1
2968,Lets Football,1
2969,Lets Fuckin Go,1
2970,Lets Go Pens,1
2971,Letter,1
2972,Lezioni Di Analisi Produttive,1
2973,Liam Neeson,1
2974,Lattoo Republic,1
2975,Latinoscoop,1
2976,Last Word,1
2977,L I N S T E A D,1
2978,Kurt Busch,1
2979,Kusturica,1
2980,Kyle Lied,1
2981,L A Protest,1
2982,L B J,1
2983,L E G O,1
2984,L E V A N T,1
2985,L H H N Y,1
2986,L I B E R T Y,1
2987,L I S T E N,1
2988,Laith Abu Joda,1
2989,L N S M,1
2990,L O L N R A,1
2991,L O V E D,1
2992,L O V E T H I S,1
2993,L V Phantoms,1
2994,La Cosa G Globes,1
2995,La Fiert,1
2996,Lady Gaga,1
2997,Laggies,1
2998,Lib Butthurt,1
2999,Liberal Dead,1
3000,Liberal Hollywood,1
3001,Love My Bradley,1
3002,Looper,1
3003,Los Kouachi Ayudaron A Clint,1
3004,Los Nominados,1
3005,Lost Stars,1
3006,Love,1
3007,Love Is Strange,1
3008,Love It,1
3009,Love Line,1
3010,Love Me Already,1
3011,Love Our Troops,1
3012,Looks Amazing,1
3013,Loved It,1
3014,Lovin Life,1
3015,Loving My New App,1
3016,Lowkey,1
3017,Lt Col Grossman,1
3018,Lubbock,1
3019,Luke Grims,1
3020,Luv Today Show,1
3021,Luv You,1
3022,Looks Too Good,1
3023,Long Live The Chief,1
3024,Liberal Idiot,1
3025,Linklater,1
3026,Liberal Lunacy,1
3027,Liberalmedia,1
3028,Liberals These Days,1
3029,Liberty,1
3030,Lies,1
3031,Life Sentence,1
3032,Life With No Bae,1
3033,Limitless,1
3034,Lindy West,1
3035,Listen Now,1
3036,Lonesurvivor,1
3037,Listenlive,1
3038,Lithuania,1
3039,Littlefield,1
3040,Littt,1
3041,Live Ever Die Never,1
3042,Lo Hobbit I T A,1
3043,Locke,1
3044,Lone Target,1
3045,Lonely Life,1
3046,Kurdish,1
3047,Kobani,1
3048,Free Speech,1
3049,Knicks,1
3050,Jews,1
3051,Jews And Arabs Refuse To Be Enemie,1
3052,Jihadi,1
3053,Jihadi John,1
3054,Jingoist,1
3055,Jobs For I S I S,1
3056,Joe,1
3057,Joe Biden,1
3058,Joel,1
3059,Joel Lambert,1
3060,John Legend,1
3061,John Lennon,1
3062,Johnny Depp,1
3063,Joking,1
3064,Jon Groff,1
3065,Jon Jones,1
3066,Jonathan Groff,1
3067,Joni Ernst,1
3068,Jordan,1
3069,Josse Matin,1
3070,Judge Me,1
3071,Jets Go,1
3072,Jessica Chastain,1
3073,Jersey Boys,1
3074,Jduv Movie,1
3075,Jacksonville,1
3076,Jacktivities,1
3077,Jak Oscars,1
3078,Jake Mc Dorman,1
3079,Jake Tapper,1
3080,James Homes,1
3081,Jane Fonda Forever A Traitor,1
3082,Jason Bourne,1
3083,Jaume Collet Serra,1
3084,Je Suis Ahmed,1
3085,Jennifer Lopez,1
3086,Je Suis Belgo,1
3087,Je Suis Coulibaly,1
3088,Je Suis Hypocrite,1
3089,Je Suis Juis,1
3090,Je Suis Kouachi,1
3091,Jeff Kyle,1
3092,Jen Aniston,1
3093,Jen Espinoza,1
3094,Jennifer Aniston,1
3095,Julio,1
3096,Jump Start January,1
3097,Jurassic World,1
3098,Kill All Muslims,1
3099,Keskin Ni,1
3100,Kevin Costner,1
3101,Kevin Spacey,1
3102,Keystone X L,1
3103,Khamenei,1
3104,Kharkiv,1
3105,Kick Fa Ze Keemstar,1
3106,Kid Can Shoot,1
3107,Kidrock,1
3108,Killed,1
3109,Kenza Morsli,1
3110,Killer,1
3111,Killing Iraqi Children Can Be Sexy,1
3112,Killthe Messenger,1
3113,Kilmeadebig,1
3114,Kim Jong Un,1
3115,Kimberlyand Beck,1
3116,King Abdullah,1
3117,Kingsman The Secret Service,1
3118,Kisses,1
3119,Kenzie,1
3120,Kentucky Effect,1
3121,Jurrassic World,1
3122,Juve Napoli,1
3123,Just Chris Kyle Things,1
3124,Just Facts,1
3125,Just In,1
3126,Just One Comment,1
3127,Just Sayin,1
3128,Just Watched,1
3129,Justice For Chris Kyle,1
3130,Justice Served,1
3131,Justicefor K J,1
3132,K C,1
3133,Ken Loach,1
3134,K K K,1
3135,K L A Q,1
3136,K S A Tnews,1
3137,K X L Y,1
3138,Katy Perry Super Bowl Setlist,1
3139,Keep It,1
3140,Keep Rockin,1
3141,Keko News,1
3142,Kellyfile,1
3143,Lux Level,1
3144,Lw L,1
3145,M,1
3146,M A N C O W,1
3147,Modern Family,1
3148,Moment Of Silence,1
3149,Monday Movie Night,1
3150,Monthru Fri,1
3151,Morbegno,1
3152,Morlock,1
3153,Mormon Probs,1
3154,Morning Joe,1
3155,Morning Movie News,1
3156,Most Lethal Sniper In U S History,1
3157,Most Saved,1
3158,Motivation,1
3159,Motoboner,1
3160,Movie Addict,1
3161,Movie Ever,1
3162,Movie List,1
3163,Movie Massacre,1
3164,Movie Monday,1
3165,Movie Mondays,1
3166,Movie News,1
3167,Movie Reviews,1
3168,Mockingjay,1
3169,Mo,1
3170,Mixtape Finna Be On Fleek Real Soon,1
3171,Military Lives Matter,1
3172,Middletown,1
3173,Midnight Premier,1
3174,Mido Hamada,1
3175,Midwest,1
3176,Might Be A Movie Night,1
3177,Mil Kid,1
3178,Milan Empoli,1
3179,Military Family,1
3180,Military Industrial Complex,1
3181,Military Mon,1
3182,Mixing,1
3183,Military Support,1
3184,Military Widows,1
3185,Milso Probs,1
3186,Mina Atta Kingdom,1
3187,Mind Still Blown,1
3188,Miniaturist,1
3189,Miss U S A,1
3190,Miss Universe,1
3191,Mitt Romney,1
3192,Movie Then Book,1
3193,Movie Time With Prov,1
3194,Movie Tip,1
3195,N A V Y S E A L S,1
3196,My Night,1
3197,My Opinion Only,1
3198,My Other Family,1
3199,My Treat To Me,1
3200,My Twitter Feed,1
3201,N,1
3202,N A I A S,1
3203,N A P,1
3204,N A T I V E,1
3205,N A V Y S E A Ls,1
3206,My Movie Night Was On Fleek,1
3207,N A Z I,1
3208,N B A,1
3209,N C,1
3210,N Cgop,1
3211,N D,1
3212,N E O,1
3213,N E V E R Forget,1
3214,N E W B L A C K,1
3215,N F C Championship,1
3216,My Name Is Khan,1
3217,My M P N,1
3218,Movie Title That Describes You,1
3219,Muimui,1
3220,Movie Weekend,1
3221,Moviejunkie,1
3222,Movies And Mexican Food,1
3223,Movies Made Me Do I T,1
3224,Movies With K,1
3225,Movies With Meaning,1
3226,Moviesofthe Month,1
3227,Mr Eastwood,1
3228,Mrs,1
3229,Murdered,1
3230,My Jihad,1
3231,Murderer,1
3232,Murrica,1
3233,Muscle,1
3234,Museum Selfie,1
3235,Muslim Scum,1
3236,Must Read,1
3237,Must Watch Movie,1
3238,Mustwatch,1
3239,Musulmans,1
3240,Middleclass,1
3241,Middle East,1
3242,Microsoft,1
3243,Magicinthemoonlight,1
3244,Maandag,1
3245,Macungie V F W,1
3246,Mad About Movies,1
3247,Mad Max,1
3248,Mad Respect,1
3249,Maddness,1
3250,Made In Philly,1
3251,Madein L A,1
3252,Magic Mike X X L,1
3253,Magnotapp,1
3254,M W,1
3255,Maher,1
3256,Major Props,1
3257,Major Respect,1
3258,Make A Film Uncomfortable,1
3259,Make A Movie G Rated,1
3260,Make A Movie Smarter,1
3261,Make Family Proud,1
3262,Make It Happen,1
3263,Makes Yeah Think,1
3264,M W C,1
3265,M V S O T U,1
3266,Malpaso,1
3267,M K Co Oscar Watch Party,1
3268,M B C Action,1
3269,M B Entertainment,1
3270,M C I,1
3271,M E N A,1
3272,M E R R R R I C A,1
3273,M I A,1
3274,M I L I T A R Y,1
3275,M I L I T A R Y M O N D A Y,1
3276,M I S O T S,1
3277,M K E,1
3278,M U S Tseeit,1
3279,M L B,1
3280,M L G,1
3281,M M Flint,1
3282,M Mthehollywoodhack,1
3283,M O A A,1
3284,M O T Y,1
3285,M P S E,1
3286,M S M,1
3287,M S M Fail,1
3288,Malibu,1
3289,Man Crush Monday,1
3290,Micheal Keaton,1
3291,Melhor Filme,1
3292,Medicore,1
3293,Meet The Colourist,1
3294,Megacab,1
3295,Mehmet Ali A,1
3296,Mejor Edici,1
3297,Mejor Montaje De Sonido,1
3298,Mejor Pela,1
3299,Mejor Peli,1
3300,Mejor Sonido,1
3301,Memoirs,1
3302,Mdogdizzle,1
3303,Menudo,1
3304,Merca,1
3305,Merka,1
3306,Mesde Nominadas,1
3307,Mespronos,1
3308,Mexican Food,1
3309,Miami,1
3310,Micah,1
3311,Michael Mann,1
3312,Mediavictim,1
3313,Mc Donalds,1
3314,Man Hood,1
3315,Mark David Chapman,1
3316,Man Stuff,1
3317,Manchester,1
3318,Mancini,1
3319,Manhattan Love Story,1
3320,Manufacturing Consent,1
3321,Marc Lee,1
3322,Marchigian Snaiper,1
3323,Marcus Luttrell,1
3324,Marina Del Rey,1
3325,Martin Luther King,1
3326,Mazza Gallerie,1
3327,Martin Luther King Day,1
3328,Marvel,1
3329,Master Piece,1
3330,Mata Sapi,1
3331,Matthew Mc Conaughey,1
3332,Max T V,1
3333,May,1
3334,May He Rest In Peace,1
3335,Maya,1
3336,Jacks Movie Day,1
3337,Jackie,1
3338,J Law,1
3339,H Q,1
3340,Golden Globes Pre Show,1
3341,Goldstar,1
3342,Gone But Never Forgotten,1
3343,Gone But Not Forgotten,1
3344,Gone Girl F T W,1
3345,Gonna Be Bad Ass,1
3346,Good Ass Friday,1
3347,Good Ass Movie,1
3348,Good Drills,1
3349,Good Film,1
3350,Good Flick,1
3351,Good Guys,1
3352,Good Luck,1
3353,Good Music,1
3354,Good Night,1
3355,Good Quality Bootleg,1
3356,Good Reads,1
3357,Good Vibes,1
3358,Goodnight,1
3359,Google,1
3360,Gordon Ramsay,1
3361,Golden Globes En T N T,1
3362,Golden Globes Awards,1
3363,Gold Standard,1
3364,God Bless You,1
3365,God Bless Our Heroes,1
3366,God Bless Our United States Military,1
3367,God Bless Our Warriors,1
3368,God Bless Taya Kyle,1
3369,God Bless Texas,1
3370,God Bless The Kyle Family,1
3371,God Bless The Troops,1
3372,God Bless The U S A,1
3373,God Bless U S A,1
3374,God Blessthe U S,1
3375,Goinggangster,1
3376,God Blessthe U S A,1
3377,God Country Family,1
3378,God Family Country,1
3379,Godbless America,1
3380,Godbless Chris Kyle,1
3381,Godfather,1
3382,Godis Great,1
3383,Godzilla,1
3384,Gofobo,1
3385,Gorge,1
3386,Gorgeous,1
3387,Got Dem Bootlegs On Deck,1
3388,H D Kinoteka,1
3389,Gun Control,1
3390,Gun Culture,1
3391,Gun Sense,1
3392,Gun Violence,1
3393,Gunplay,1
3394,H A A S H T A G O F W A R H A H A H A,1
3395,H A H A H A H A,1
3396,H A N N I T Y,1
3397,H A W T,1
3398,H Dmovies,1
3399,Guide,1
3400,H E R O E S,1
3401,H E R O S,1
3402,H F P A,1
3403,H I N G,1
3404,H L N,1
3405,H O L Y F U C K,1
3406,H O N O R Chris Kyle,1
3407,H O O R A H,1
3408,H O O Y A,1
3409,Gun,1
3410,Guardianangle,1
3411,Got It Like That,1
3412,Great Actors,1
3413,Gotaim,1
3414,Goto,1
3415,Gotta Do Watchya Gotta Do,1
3416,Gotta Start Somewhere,1
3417,Governors Awards,1
3418,Grammys,1
3419,Gran Budapest,1
3420,Gran Hotel Budapest,1
3421,Great Actor,1
3422,Great American Hero,1
3423,Grizzly,1
3424,Great Films,1
3425,Great Guy,1
3426,Great Read,1
3427,Great Story,1
3428,Great Wee,1
3429,Greatest Movie,1
3430,Green Bay,1
3431,Greg Gutfeld,1
3432,Gripping,1
3433,God Bless Em,1
3434,God,1
3435,Goals,1
3436,G O D B L E S S T H E U S A,1
3437,Funny,1
3438,Funrepublic,1
3439,Fye,1
3440,G A A,1
3441,G Bvs S E A,1
3442,G E T I T R I G H T,1
3443,G M C,1
3444,G N O,1
3445,G O D B L E S S A M E R I C A,1
3446,G O Dand C O U N T R Y,1
3447,Full Sail Oscars,1
3448,G O L D E N G L O B E S,1
3449,G O M L,1
3450,G O P A C K G O,1
3451,G O P F I L M S,1
3452,G O P K K K,1
3453,G O Pe,1
3454,G O Presponse,1
3455,G O Ps,1
3456,G O R Dii T O O,1
3457,Full Stomach,1
3458,Full Metal Jacket,1
3459,G R E A T M O V I E,1
3460,Friday Night Lights,1
3461,Free The Nipple,1
3462,Freedom Boner,1
3463,Freedom Dont Come Free,1
3464,Freedom Fighter,1
3465,Freedom Of Press,1
3466,Freedom Of Speech,1
3467,Freedoms Call,1
3468,Freethinker,1
3469,Freezing Rain,1
3470,Friedrich Nietzsche,1
3471,Fuego,1
3472,Fringe N Y C,1
3473,Frog Man,1
3474,Frog Men,1
3475,Frogmen,1
3476,From The Soul,1
3477,Fuck,1
3478,Fuck Krauts,1
3479,Fuck Liberals,1
3480,Fuck The Cinema,1
3481,G O T V,1
3482,G S M,1
3483,Goal,1
3484,Globosde Oro,1
3485,Girls Night In,1
3486,Girls Night Out,1
3487,Girls Rule Boys Drool,1
3488,Girls Scout Cookies,1
3489,Girls Who Snipe,1
3490,Giving Back,1
3491,Glenn,1
3492,Glenn Beck,1
3493,Globes Suck,1
3494,Go Buckeyes,1
3495,Gift Suite,1
3496,Go Cocks,1
3497,Go Cyclones,1
3498,Go Dawgs,1
3499,Go Go U S A,1
3500,Go Italy,1
3501,Go Pack Go,1
3502,Go Pro,1
3503,Go T,1
3504,Go Watch It,1
3505,Giggles,1
3506,Ghandi,1
3507,Ga T S P O D,1
3508,Gd N,1
3509,Gabbarism,1
3510,Game,1
3511,Game Changer,1
3512,Game Of Thrones,1
3513,Gamecocks,1
3514,Gamer Gate,1
3515,Gave Me Chills,1
3516,Gazebo,1
3517,Gbe,1
3518,Geeeeez,1
3519,Get Some,1
3520,Generationkill,1
3521,Gerolado,1
3522,Gestapo,1
3523,Get Aclue,1
3524,Get Like Me,1
3525,Get Movies Yo,1
3526,Get On Up,1
3527,Get Out,1
3528,Get Reliable,1
3529,H O Oey,1
3530,H T T Y D,1
3531,J F W,1
3532,H Y P O C R I T E S,1
3533,Ida,1
3534,Idc,1
3535,Ideal,1
3536,Idiot For Ever,1
3537,If We Date,1
3538,Iggles,1
3539,Ikidding,1
3540,Il,1
3541,Il Film,1
3542,Illini,1
3543,Ilove Cinefilos,1
3544,Ilovemovies,1
3545,Im Alone,1
3546,Im Crazy,1
3547,Im Not Crying,1
3548,Im Sorry,1
3549,Im With Ya,1
3550,Imitation,1
3551,Imovie,1
3552,Impeachobama,1
3553,Impressive,1
3554,Iam Charlie,1
3555,I Watched It So You Dont Have To,1
3556,I Wantto Come Home,1
3557,I N C R E D I B L E,1
3558,I G N Benelux,1
3559,I Got The Hookup,1
3560,I Guess I Was Too High,1
3561,I Love Obama,1
3562,I Love War Movies,1
3563,I M A X Legend Sweeps,1
3564,I M P A C T,1
3565,I Make My Own Money,1
3566,I Miss My Chunky Butt Tho,1
3567,I N D O N E S I A,1
3568,I Vote Yes,1
3569,I Pay For Myself,1
3570,I Prayto End Abortion,1
3571,I S I S Jobs,1
3572,I S L A M I S E V I L,1
3573,I T,1
3574,I T S I L L E A G A L,1
3575,I The Movie,1
3576,I Think So,1
3577,I V A W,1
3578,Imustseeit,1
3579,In God We Trust,1
3580,In Memories,1
3581,Its A Must,1
3582,Islamist,1
3583,Islamists,1
3584,Isles,1
3585,Istartedthe Apocalypse By,1
3586,It,1
3587,It Shouldve Won Everything,1
3588,Itaint Ralph,1
3589,Italy,1
3590,Its A Date,1
3591,Its Bad Ass,1
3592,Islamic State Media,1
3593,Its Beautiful Man,1
3594,Its Dusty,1
3595,Its Fucking Great,1
3596,Its Just Awesome,1
3597,Its Our Turn,1
3598,Itsallgood E P,1
3599,Ivan Berroa,1
3600,Iwishicouldgofightformycountry,1
3601,J E S U S W A S A S N I P E R,1
3602,Islamic Terrorism,1
3603,Islamic Extemist Fucks,1
3604,In Theathers Jan,1
3605,Instagram,1
3606,Inarritu,1
3607,Incredible,1
3608,Indie Lounge,1
3609,Info Actual,1
3610,Inglorious Basterds,1
3611,Inked,1
3612,Inox,1
3613,Inside Creativity,1
3614,Inspiration,1
3615,Instant Classic,1
3616,Ironic,1
3617,Integrity,1
3618,Inter,1
3619,Interview,1
3620,Intheatres N O W,1
3621,Into The Woods T H,1
3622,Intothe Woods,1
3623,Invencible,1
3624,Iraqis,1
3625,Iraqui Freedom,1
3626,I F E,1
3627,I E,1
3628,I D I O T S,1
3629,Highly Recommend It,1
3630,Hero Chief Chris Kyle,1
3631,Hero Chris Kyle,1
3632,Hero Follows Forever,1
3633,Heroes All,1
3634,Heroes In Life,1
3635,Heroes Reborn,1
3636,Heros,1
3637,Hesmyhero,1
3638,Hide,1
3639,History Matters,1
3640,Herdfam,1
3641,Holdupimcrying,1
3642,Holiday,1
3643,Hollande,1
3644,Holly Weird,1
3645,Hollywood Agendas,1
3646,Hollywood Hates America,1
3647,Hollywood Morons,1
3648,Hollywood Sniper,1
3649,Hollywood Sucks,1
3650,Heres,1
3651,Hellyeaaaaaaa,1
3652,Holocaust Memorial Day,1
3653,Harrisons,1
3654,Hadmecrying,1
3655,Hail W V,1
3656,Half Full Mag,1
3657,Ham Ont,1
3658,Hamas,1
3659,Hang Over,1
3660,Happy Founders Day,1
3661,Happy Sunday,1
3662,Harlem Globetrotters,1
3663,Hartford C T,1
3664,Heartbreaking,1
3665,Hashtag Hijack,1
3666,Hate,1
3667,Hats Off,1
3668,Hawks Headline,1
3669,He Took The Shot,1
3670,He Was Born In The Same Place I Was Born,1
3671,Healing,1
3672,Heart,1
3673,Heart Philly,1
3674,Holocaust,1
3675,Holocaust Remembrance Day,1
3676,I Cried,1
3677,Hypocrisy,1
3678,Hubba Hubba,1
3679,Huckleberry Finn,1
3680,Hudson County,1
3681,Humble Brag,1
3682,Hundred,1
3683,Hungry Hearts,1
3684,Hunter,1
3685,Hurt Locker,1
3686,Husband,1
3687,Hypocrite,1
3688,Howiedoit,1
3689,Hypocrites,1
3690,I A Freedom Forum,1
3691,I A M,1
3692,I Almost Cried,1
3693,I B T T S,1
3694,I Blame Israel,1
3695,I C C,1
3696,I C Cradio,1
3697,I Can Read,1
3698,Hoy Toca,1
3699,Howard Leight,1
3700,Home Movie Theater,1
3701,Honorthefallen,1
3702,Home Rocks,1
3703,Homeand Family,1
3704,Homeofthefreebecauseofthebrave,1
3705,Honering C Hris Kyle,1
3706,Honest Movie Title,1
3707,Honey Hide The Kids,1
3708,Hong Kong,1
3709,Honor Our Vets,1
3710,Honorable,1
3711,Hoo Rah,1
3712,Howard,1
3713,Hooked,1
3714,Hookup,1
3715,Hooyah Navy,1
3716,Hot Pockets,1
3717,Houston,1
3718,Houston Fire,1
3719,How The Fuck,1
3720,How To Get Away With Murder,1
3721,How You Doin,1
3722,Zero Motivation,1
